/* Generated by lungo 1.105.524 from Lean 4.34.1 for program tagged_urn_formal. Do not edit. */
#include "tagged_urn_formal.h"
#include "tagged_urn_formal_program.h"

static const uint8_t sig_0[] = {
    0x00, 0x00, 0x00, 0x00, 0x02, 0x00, 0x00, 0x00, 0x1b, 0x00, 0x00, 0x00, 0x00, 0x00, 0x00, 0x00,
    0x00, 0x1b, 0x00, 0x00, 0x00, 0x00, 0x00, 0x00, 0x00, 0x00, 0x00, 0x02,
};
static const uint8_t sig_1[] = {
    0x00, 0x00, 0x00, 0x00, 0x02, 0x00, 0x00, 0x00, 0x1b, 0x00, 0x00, 0x00, 0x00, 0x00, 0x00, 0x00,
    0x00, 0x1b, 0x00, 0x00, 0x00, 0x00, 0x00, 0x00, 0x00, 0x00, 0x00, 0x02,
};
static const uint8_t sig_2[] = {
    0x00, 0x00, 0x00, 0x00, 0x02, 0x00, 0x00, 0x00, 0x10, 0x15, 0x17, 0x10, 0x1b, 0x01, 0x00, 0x00,
    0x00, 0x00, 0x00, 0x00, 0x00, 0x00, 0x14, 0x1b, 0x00, 0x00, 0x00, 0x00, 0x00, 0x00, 0x00, 0x00,
};
static const uint8_t sig_3[] = {
    0x00, 0x00, 0x00, 0x00, 0x02, 0x00, 0x00, 0x00, 0x1b, 0x00, 0x00, 0x00, 0x00, 0x00, 0x00, 0x00,
    0x00, 0x1b, 0x00, 0x00, 0x00, 0x00, 0x00, 0x00, 0x00, 0x00, 0x00, 0x02,
};
static const uint8_t sig_4[] = {
    0x00, 0x00, 0x00, 0x00, 0x02, 0x00, 0x00, 0x00, 0x1b, 0x00, 0x00, 0x00, 0x00, 0x00, 0x00, 0x00,
    0x00, 0x1b, 0x00, 0x00, 0x00, 0x00, 0x00, 0x00, 0x00, 0x00, 0x00, 0x02,
};
static const uint8_t sig_5[] = {
    0x00, 0x00, 0x00, 0x00, 0x02, 0x00, 0x00, 0x00, 0x1b, 0x00, 0x00, 0x00, 0x00, 0x00, 0x00, 0x00,
    0x00, 0x1b, 0x00, 0x00, 0x00, 0x00, 0x00, 0x00, 0x00, 0x00, 0x00, 0x02,
};
static const uint8_t sig_6[] = {
    0x00, 0x00, 0x00, 0x00, 0x02, 0x00, 0x00, 0x00, 0x1b, 0x00, 0x00, 0x00, 0x00, 0x00, 0x00, 0x00,
    0x00, 0x1b, 0x00, 0x00, 0x00, 0x00, 0x00, 0x00, 0x00, 0x00, 0x00, 0x02,
};
static const uint8_t sig_7[] = {
    0x00, 0x00, 0x00, 0x00, 0x01, 0x00, 0x00, 0x00, 0x1b, 0x00, 0x00, 0x00, 0x00, 0x00, 0x00, 0x00,
    0x00, 0x00, 0x00,
};
static const uint8_t sig_8[] = {
    0x00, 0x00, 0x00, 0x00, 0x02, 0x00, 0x00, 0x00, 0x1b, 0x01, 0x00, 0x00, 0x00, 0x00, 0x00, 0x00,
    0x00, 0x1b, 0x01, 0x00, 0x00, 0x00, 0x00, 0x00, 0x00, 0x00, 0x00, 0x02,
};
static const uint8_t sig_9[] = {
    0x00, 0x00, 0x00, 0x00, 0x02, 0x00, 0x00, 0x00, 0x1b, 0x01, 0x00, 0x00, 0x00, 0x00, 0x00, 0x00,
    0x00, 0x1b, 0x01, 0x00, 0x00, 0x00, 0x00, 0x00, 0x00, 0x00, 0x00, 0x02,
};
static const uint8_t sig_10[] = {
    0x00, 0x00, 0x00, 0x00, 0x02, 0x00, 0x00, 0x00, 0x1b, 0x01, 0x00, 0x00, 0x00, 0x00, 0x00, 0x00,
    0x00, 0x1b, 0x01, 0x00, 0x00, 0x00, 0x00, 0x00, 0x00, 0x00, 0x00, 0x02,
};
static const uint8_t assurance_json[] = {
    0x7b, 0x0a, 0x20, 0x20, 0x22, 0x73, 0x63, 0x68, 0x65, 0x6d, 0x61, 0x5f, 0x76, 0x65, 0x72, 0x73,
    0x69, 0x6f, 0x6e, 0x22, 0x3a, 0x20, 0x31, 0x2c, 0x0a, 0x20, 0x20, 0x22, 0x70, 0x72, 0x6f, 0x67,
    0x72, 0x61, 0x6d, 0x22, 0x3a, 0x20, 0x22, 0x74, 0x61, 0x67, 0x67, 0x65, 0x64, 0x5f, 0x75, 0x72,
    0x6e, 0x5f, 0x66, 0x6f, 0x72, 0x6d, 0x61, 0x6c, 0x22, 0x2c, 0x0a, 0x20, 0x20, 0x22, 0x70, 0x72,
    0x6f, 0x76, 0x65, 0x6e, 0x61, 0x6e, 0x63, 0x65, 0x22, 0x3a, 0x20, 0x7b, 0x0a, 0x20, 0x20, 0x20,
    0x20, 0x22, 0x6c, 0x65, 0x61, 0x6e, 0x5f, 0x76, 0x65, 0x72, 0x73, 0x69, 0x6f, 0x6e, 0x22, 0x3a,
    0x20, 0x22, 0x34, 0x2e, 0x33, 0x34, 0x2e, 0x31, 0x22, 0x2c, 0x0a, 0x20, 0x20, 0x20, 0x20, 0x22,
    0x6c, 0x65, 0x61, 0x6e, 0x5f, 0x67, 0x69, 0x74, 0x68, 0x61, 0x73, 0x68, 0x22, 0x3a, 0x20, 0x22,
    0x35, 0x30, 0x34, 0x35, 0x64, 0x30, 0x30, 0x35, 0x36, 0x34, 0x31, 0x33, 0x32, 0x36, 0x36, 0x65,
    0x35, 0x37, 0x63, 0x36, 0x32, 0x35, 0x64, 0x63, 0x64, 0x37, 0x63, 0x33, 0x36, 0x35, 0x62, 0x31,
    0x30, 0x65, 0x33, 0x37, 0x37, 0x63, 0x35, 0x32, 0x22, 0x2c, 0x0a, 0x20, 0x20, 0x20, 0x20, 0x22,
    0x6c, 0x75, 0x6e, 0x67, 0x6f, 0x5f, 0x76, 0x65, 0x72, 0x73, 0x69, 0x6f, 0x6e, 0x22, 0x3a, 0x20,
    0x22, 0x31, 0x2e, 0x31, 0x30, 0x35, 0x2e, 0x35, 0x32, 0x34, 0x22, 0x2c, 0x0a, 0x20, 0x20, 0x20,
    0x20, 0x22, 0x62, 0x69, 0x72, 0x5f, 0x76, 0x65, 0x72, 0x73, 0x69, 0x6f, 0x6e, 0x22, 0x3a, 0x20,
    0x33, 0x2c, 0x0a, 0x20, 0x20, 0x20, 0x20, 0x22, 0x72, 0x75, 0x6e, 0x74, 0x69, 0x6d, 0x65, 0x5f,
    0x61, 0x62, 0x69, 0x22, 0x3a, 0x20, 0x32, 0x0a, 0x20, 0x20, 0x7d, 0x2c, 0x0a, 0x20, 0x20, 0x22,
    0x6c, 0x69, 0x62, 0x72, 0x61, 0x72, 0x79, 0x22, 0x3a, 0x20, 0x7b, 0x0a, 0x20, 0x20, 0x20, 0x20,
    0x22, 0x70, 0x61, 0x63, 0x6b, 0x61, 0x67, 0x65, 0x22, 0x3a, 0x20, 0x22, 0x6c, 0x75, 0x6e, 0x67,
    0x6f, 0x22, 0x2c, 0x0a, 0x20, 0x20, 0x20, 0x20, 0x22, 0x73, 0x63, 0x68, 0x65, 0x6d, 0x61, 0x5f,
    0x76, 0x65, 0x72, 0x73, 0x69, 0x6f, 0x6e, 0x22, 0x3a, 0x20, 0x31, 0x0a, 0x20, 0x20, 0x7d, 0x2c,
    0x0a, 0x20, 0x20, 0x22, 0x73, 0x70, 0x65, 0x63, 0x69, 0x66, 0x69, 0x63, 0x61, 0x74, 0x69, 0x6f,
    0x6e, 0x73, 0x22, 0x3a, 0x20, 0x5b, 0x0a, 0x20, 0x20, 0x20, 0x20, 0x7b, 0x0a, 0x20, 0x20, 0x20,
    0x20, 0x20, 0x20, 0x22, 0x6e, 0x61, 0x6d, 0x65, 0x22, 0x3a, 0x20, 0x22, 0x54, 0x61, 0x67, 0x67,
    0x65, 0x64, 0x55, 0x72, 0x6e, 0x2e, 0x43, 0x6f, 0x6e, 0x73, 0x74, 0x72, 0x61, 0x69, 0x6e, 0x74,
    0x2e, 0x61, 0x6c, 0x6c, 0x6f, 0x77, 0x73, 0x22, 0x2c, 0x0a, 0x20, 0x20, 0x20, 0x20, 0x20, 0x20,
    0x22, 0x6b, 0x69, 0x6e, 0x64, 0x22, 0x3a, 0x20, 0x22, 0x6c, 0x75, 0x6e, 0x67, 0x6f, 0x2e, 0x72,
    0x65, 0x6c, 0x61, 0x74, 0x69, 0x6f, 0x6e, 0x22, 0x2c, 0x0a, 0x20, 0x20, 0x20, 0x20, 0x20, 0x20,
    0x22, 0x73, 0x74, 0x61, 0x74, 0x65, 0x6d, 0x65, 0x6e, 0x74, 0x22, 0x3a, 0x20, 0x22, 0x54, 0x61,
    0x67, 0x67, 0x65, 0x64, 0x55, 0x72, 0x6e, 0x2e, 0x43, 0x6f, 0x6e, 0x73, 0x74, 0x72, 0x61, 0x69,
    0x6e, 0x74, 0x20, 0xe2, 0x86, 0x92, 0x20, 0x54, 0x61, 0x67, 0x67, 0x65, 0x64, 0x55, 0x72, 0x6e,
    0x2e, 0x4b, 0x65, 0x79, 0x53, 0x74, 0x61, 0x74, 0x65, 0x20, 0xe2, 0x86, 0x92, 0x20, 0x50, 0x72,
    0x6f, 0x70, 0x22, 0x2c, 0x0a, 0x20, 0x20, 0x20, 0x20, 0x20, 0x20, 0x22, 0x64, 0x65, 0x66, 0x69,
    0x6e, 0x69, 0x74, 0x69, 0x6f, 0x6e, 0x22, 0x3a, 0x20, 0x22, 0x66, 0x75, 0x6e, 0x20, 0x78, 0x20,
    0x78, 0x5f, 0x31, 0x20, 0x3d, 0x3e, 0x5c, 0x6e, 0x20, 0x20, 0x6d, 0x61, 0x74, 0x63, 0x68, 0x20,
    0x78, 0x2c, 0x20, 0x78, 0x5f, 0x31, 0x20, 0x77, 0x69, 0x74, 0x68, 0x5c, 0x6e, 0x20, 0x20, 0x7c,
    0x20, 0x54, 0x61, 0x67, 0x67, 0x65, 0x64, 0x55, 0x72, 0x6e, 0x2e, 0x43, 0x6f, 0x6e, 0x73, 0x74,
    0x72, 0x61, 0x69, 0x6e, 0x74, 0x2e, 0x6d, 0x69, 0x73, 0x73, 0x69, 0x6e, 0x67, 0x2c, 0x20, 0x78,
    0x20, 0x3d, 0x3e, 0x20, 0x54, 0x72, 0x75, 0x65, 0x5c, 0x6e, 0x20, 0x20, 0x7c, 0x20, 0x54, 0x61,
    0x67, 0x67, 0x65, 0x64, 0x55, 0x72, 0x6e, 0x2e, 0x43, 0x6f, 0x6e, 0x73, 0x74, 0x72, 0x61, 0x69,
    0x6e, 0x74, 0x2e, 0x75, 0x6e, 0x63, 0x6f, 0x6e, 0x73, 0x74, 0x72, 0x61, 0x69, 0x6e, 0x65, 0x64,
    0x2c, 0x20, 0x78, 0x20, 0x3d, 0x3e, 0x20, 0x54, 0x72, 0x75, 0x65, 0x5c, 0x6e, 0x20, 0x20, 0x7c,
    0x20, 0x54, 0x61, 0x67, 0x67, 0x65, 0x64, 0x55, 0x72, 0x6e, 0x2e, 0x43, 0x6f, 0x6e, 0x73, 0x74,
    0x72, 0x61, 0x69, 0x6e, 0x74, 0x2e, 0x6f, 0x70, 0x74, 0x69, 0x6f, 0x6e, 0x61, 0x6c, 0x4e, 0x6f,
    0x74, 0x20, 0x70, 0x2c, 0x20, 0x73, 0x20, 0x3d, 0x3e, 0x20, 0x73, 0x20, 0xe2, 0x89, 0xa0, 0x20,
    0x54, 0x61, 0x67, 0x67, 0x65, 0x64, 0x55, 0x72, 0x6e, 0x2e, 0x4b, 0x65, 0x79, 0x53, 0x74, 0x61,
    0x74, 0x65, 0x2e, 0x73, 0x65, 0x74, 0x20, 0x70, 0x5c, 0x6e, 0x20, 0x20, 0x7c, 0x20, 0x54, 0x61,
    0x67, 0x67, 0x65, 0x64, 0x55, 0x72, 0x6e, 0x2e, 0x43, 0x6f, 0x6e, 0x73, 0x74, 0x72, 0x61, 0x69,
    0x6e, 0x74, 0x2e, 0x70, 0x72, 0x65, 0x73, 0x65, 0x6e, 0x74, 0x2c, 0x20, 0x73, 0x20, 0x3d, 0x3e,
    0x20, 0x73, 0x20, 0xe2, 0x89, 0xa0, 0x20, 0x54, 0x61, 0x67, 0x67, 0x65, 0x64, 0x55, 0x72, 0x6e,
    0x2e, 0x4b, 0x65, 0x79, 0x53, 0x74, 0x61, 0x74, 0x65, 0x2e, 0x75, 0x6e, 0x73, 0x65, 0x74, 0x5c,
    0x6e, 0x20, 0x20, 0x7c, 0x20, 0x54, 0x61, 0x67, 0x67, 0x65, 0x64, 0x55, 0x72, 0x6e, 0x2e, 0x43,
    0x6f, 0x6e, 0x73, 0x74, 0x72, 0x61, 0x69, 0x6e, 0x74, 0x2e, 0x70, 0x72, 0x65, 0x73, 0x65, 0x6e,
    0x74, 0x4e, 0x6f, 0x74, 0x20, 0x70, 0x2c, 0x20, 0x73, 0x20, 0x3d, 0x3e, 0x20, 0x73, 0x20, 0xe2,
    0x89, 0xa0, 0x20, 0x54, 0x61, 0x67, 0x67, 0x65, 0x64, 0x55, 0x72, 0x6e, 0x2e, 0x4b, 0x65, 0x79,
    0x53, 0x74, 0x61, 0x74, 0x65, 0x2e, 0x75, 0x6e, 0x73, 0x65, 0x74, 0x20, 0xe2, 0x88, 0xa7, 0x20,
    0x73, 0x20, 0xe2, 0x89, 0xa0, 0x20, 0x54, 0x61, 0x67, 0x67, 0x65, 0x64, 0x55, 0x72, 0x6e, 0x2e,
    0x4b, 0x65, 0x79, 0x53, 0x74, 0x61, 0x74, 0x65, 0x2e, 0x73, 0x65, 0x74, 0x20, 0x70, 0x5c, 0x6e,
    0x20, 0x20, 0x7c, 0x20, 0x54, 0x61, 0x67, 0x67, 0x65, 0x64, 0x55, 0x72, 0x6e, 0x2e, 0x43, 0x6f,
    0x6e, 0x73, 0x74, 0x72, 0x61, 0x69, 0x6e, 0x74, 0x2e, 0x65, 0x78, 0x61, 0x63, 0x74, 0x20, 0x70,
    0x2c, 0x20, 0x73, 0x20, 0x3d, 0x3e, 0x20, 0x73, 0x20, 0x3d, 0x20, 0x54, 0x61, 0x67, 0x67, 0x65,
    0x64, 0x55, 0x72, 0x6e, 0x2e, 0x4b, 0x65, 0x79, 0x53, 0x74, 0x61, 0x74, 0x65, 0x2e, 0x73, 0x65,
    0x74, 0x20, 0x70, 0x5c, 0x6e, 0x20, 0x20, 0x7c, 0x20, 0x54, 0x61, 0x67, 0x67, 0x65, 0x64, 0x55,
    0x72, 0x6e, 0x2e, 0x43, 0x6f, 0x6e, 0x73, 0x74, 0x72, 0x61, 0x69, 0x6e, 0x74, 0x2e, 0x61, 0x62,
    0x73, 0x65, 0x6e, 0x74, 0x2c, 0x20, 0x73, 0x20, 0x3d, 0x3e, 0x20, 0x73, 0x20, 0x3d, 0x20, 0x54,
    0x61, 0x67, 0x67, 0x65, 0x64, 0x55, 0x72, 0x6e, 0x2e, 0x4b, 0x65, 0x79, 0x53, 0x74, 0x61, 0x74,
    0x65, 0x2e, 0x75, 0x6e, 0x73, 0x65, 0x74, 0x22, 0x2c, 0x0a, 0x20, 0x20, 0x20, 0x20, 0x20, 0x20,
    0x22, 0x70, 0x61, 0x63, 0x6b, 0x61, 0x67, 0x65, 0x22, 0x3a, 0x20, 0x22, 0x74, 0x61, 0x67, 0x67,
    0x65, 0x64, 0x5f, 0x75, 0x72, 0x6e, 0x5f, 0x66, 0x6f, 0x72, 0x6d, 0x61, 0x6c, 0x22, 0x2c, 0x0a,
    0x20, 0x20, 0x20, 0x20, 0x20, 0x20, 0x22, 0x66, 0x69, 0x6e, 0x67, 0x65, 0x72, 0x70, 0x72, 0x69,
    0x6e, 0x74, 0x22, 0x3a, 0x20, 0x22, 0x61, 0x65, 0x65, 0x38, 0x30, 0x61, 0x39, 0x34, 0x36, 0x34,
    0x33, 0x34, 0x65, 0x36, 0x32, 0x38, 0x31, 0x65, 0x31, 0x32, 0x31, 0x30, 0x65, 0x38, 0x65, 0x62,
    0x30, 0x30, 0x38, 0x35, 0x65, 0x38, 0x65, 0x63, 0x38, 0x66, 0x39, 0x65, 0x32, 0x61, 0x30, 0x66,
    0x62, 0x64, 0x62, 0x32, 0x31, 0x30, 0x33, 0x39, 0x36, 0x36, 0x31, 0x39, 0x31, 0x64, 0x35, 0x36,
    0x33, 0x37, 0x65, 0x63, 0x62, 0x31, 0x22, 0x2c, 0x0a, 0x20, 0x20, 0x20, 0x20, 0x20, 0x20, 0x22,
    0x73, 0x6f, 0x75, 0x72, 0x63, 0x65, 0x22, 0x3a, 0x20, 0x7b, 0x0a, 0x20, 0x20, 0x20, 0x20, 0x20,
    0x20, 0x20, 0x20, 0x22, 0x70, 0x61, 0x63, 0x6b, 0x61, 0x67, 0x65, 0x22, 0x3a, 0x20, 0x22, 0x74,
    0x61, 0x67, 0x67, 0x65, 0x64, 0x5f, 0x75, 0x72, 0x6e, 0x5f, 0x66, 0x6f, 0x72, 0x6d, 0x61, 0x6c,
    0x22, 0x2c, 0x0a, 0x20, 0x20, 0x20, 0x20, 0x20, 0x20, 0x20, 0x20, 0x22, 0x66, 0x69, 0x6c, 0x65,
    0x22, 0x3a, 0x20, 0x22, 0x54, 0x61, 0x67, 0x67, 0x65, 0x64, 0x55, 0x72, 0x6e, 0x2f, 0x43, 0x6f,
    0x6e, 0x73, 0x74, 0x72, 0x61, 0x69, 0x6e, 0x74, 0x2e, 0x6c, 0x65, 0x61, 0x6e, 0x22, 0x2c, 0x0a,
    0x20, 0x20, 0x20, 0x20, 0x20, 0x20, 0x20, 0x20, 0x22, 0x73, 0x74, 0x61, 0x72, 0x74, 0x22, 0x3a,
    0x20, 0x7b, 0x0a, 0x20, 0x20, 0x20, 0x20, 0x20, 0x20, 0x20, 0x20, 0x20, 0x20, 0x22, 0x6c, 0x69,
    0x6e, 0x65, 0x22, 0x3a, 0x20, 0x33, 0x36, 0x2c, 0x0a, 0x20, 0x20, 0x20, 0x20, 0x20, 0x20, 0x20,
    0x20, 0x20, 0x20, 0x22, 0x63, 0x6f, 0x6c, 0x75, 0x6d, 0x6e, 0x22, 0x3a, 0x20, 0x31, 0x0a, 0x20,
    0x20, 0x20, 0x20, 0x20, 0x20, 0x20, 0x20, 0x7d, 0x2c, 0x0a, 0x20, 0x20, 0x20, 0x20, 0x20, 0x20,
    0x20, 0x20, 0x22, 0x65, 0x6e, 0x64, 0x22, 0x3a, 0x20, 0x7b, 0x0a, 0x20, 0x20, 0x20, 0x20, 0x20,
    0x20, 0x20, 0x20, 0x20, 0x20, 0x22, 0x6c, 0x69, 0x6e, 0x65, 0x22, 0x3a, 0x20, 0x34, 0x34, 0x2c,
    0x0a, 0x20, 0x20, 0x20, 0x20, 0x20, 0x20, 0x20, 0x20, 0x20, 0x20, 0x22, 0x63, 0x6f, 0x6c, 0x75,
    0x6d, 0x6e, 0x22, 0x3a, 0x20, 0x32, 0x37, 0x0a, 0x20, 0x20, 0x20, 0x20, 0x20, 0x20, 0x20, 0x20,
    0x7d, 0x0a, 0x20, 0x20, 0x20, 0x20, 0x20, 0x20, 0x7d, 0x0a, 0x20, 0x20, 0x20, 0x20, 0x7d, 0x2c,
    0x0a, 0x20, 0x20, 0x20, 0x20, 0x7b, 0x0a, 0x20, 0x20, 0x20, 0x20, 0x20, 0x20, 0x22, 0x6e, 0x61,
    0x6d, 0x65, 0x22, 0x3a, 0x20, 0x22, 0x54, 0x61, 0x67, 0x67, 0x65, 0x64, 0x55, 0x72, 0x6e, 0x2e,
    0x63, 0x6f, 0x6d, 0x70, 0x61, 0x72, 0x61, 0x62, 0x6c, 0x65, 0x22, 0x2c, 0x0a, 0x20, 0x20, 0x20,
    0x20, 0x20, 0x20, 0x22, 0x6b, 0x69, 0x6e, 0x64, 0x22, 0x3a, 0x20, 0x22, 0x6c, 0x75, 0x6e, 0x67,
    0x6f, 0x2e, 0x72, 0x65, 0x6c, 0x61, 0x74, 0x69, 0x6f, 0x6e, 0x22, 0x2c, 0x0a, 0x20, 0x20, 0x20,
    0x20, 0x20, 0x20, 0x22, 0x73, 0x74, 0x61, 0x74, 0x65, 0x6d, 0x65, 0x6e, 0x74, 0x22, 0x3a, 0x20,
    0x22, 0x54, 0x61, 0x67, 0x67, 0x65, 0x64, 0x55, 0x72, 0x6e, 0x2e, 0x55, 0x72, 0x6e, 0x20, 0xe2,
    0x86, 0x92, 0x20, 0x54, 0x61, 0x67, 0x67, 0x65, 0x64, 0x55, 0x72, 0x6e, 0x2e, 0x55, 0x72, 0x6e,
    0x20, 0xe2, 0x86, 0x92, 0x20, 0x50, 0x72, 0x6f, 0x70, 0x22, 0x2c, 0x0a, 0x20, 0x20, 0x20, 0x20,
    0x20, 0x20, 0x22, 0x64, 0x65, 0x66, 0x69, 0x6e, 0x69, 0x74, 0x69, 0x6f, 0x6e, 0x22, 0x3a, 0x20,
    0x22, 0x66, 0x75, 0x6e, 0x20, 0x61, 0x20, 0x62, 0x20, 0x3d, 0x3e, 0x20, 0x54, 0x61, 0x67, 0x67,
    0x65, 0x64, 0x55, 0x72, 0x6e, 0x2e, 0x72, 0x65, 0x66, 0x69, 0x6e, 0x65, 0x73, 0x20, 0x61, 0x20,
    0x62, 0x20, 0xe2, 0x88, 0xa8, 0x20, 0x54, 0x61, 0x67, 0x67, 0x65, 0x64, 0x55, 0x72, 0x6e, 0x2e,
    0x72, 0x65, 0x66, 0x69, 0x6e, 0x65, 0x73, 0x20, 0x62, 0x20, 0x61, 0x22, 0x2c, 0x0a, 0x20, 0x20,
    0x20, 0x20, 0x20, 0x20, 0x22, 0x70, 0x61, 0x63, 0x6b, 0x61, 0x67, 0x65, 0x22, 0x3a, 0x20, 0x22,
    0x74, 0x61, 0x67, 0x67, 0x65, 0x64, 0x5f, 0x75, 0x72, 0x6e, 0x5f, 0x66, 0x6f, 0x72, 0x6d, 0x61,
    0x6c, 0x22, 0x2c, 0x0a, 0x20, 0x20, 0x20, 0x20, 0x20, 0x20, 0x22, 0x66, 0x69, 0x6e, 0x67, 0x65,
    0x72, 0x70, 0x72, 0x69, 0x6e, 0x74, 0x22, 0x3a, 0x20, 0x22, 0x61, 0x33, 0x38, 0x33, 0x63, 0x61,
    0x66, 0x63, 0x38, 0x63, 0x36, 0x37, 0x35, 0x63, 0x39, 0x31, 0x32, 0x35, 0x61, 0x39, 0x30, 0x61,
    0x36, 0x36, 0x61, 0x35, 0x64, 0x39, 0x63, 0x31, 0x64, 0x35, 0x65, 0x30, 0x31, 0x38, 0x33, 0x66,
    0x35, 0x34, 0x34, 0x38, 0x35, 0x33, 0x36, 0x35, 0x33, 0x32, 0x37, 0x62, 0x35, 0x62, 0x37, 0x30,
    0x32, 0x62, 0x39, 0x35, 0x32, 0x66, 0x65, 0x33, 0x39, 0x36, 0x22, 0x2c, 0x0a, 0x20, 0x20, 0x20,
    0x20, 0x20, 0x20, 0x22, 0x73, 0x6f, 0x75, 0x72, 0x63, 0x65, 0x22, 0x3a, 0x20, 0x7b, 0x0a, 0x20,
    0x20, 0x20, 0x20, 0x20, 0x20, 0x20, 0x20, 0x22, 0x70, 0x61, 0x63, 0x6b, 0x61, 0x67, 0x65, 0x22,
    0x3a, 0x20, 0x22, 0x74, 0x61, 0x67, 0x67, 0x65, 0x64, 0x5f, 0x75, 0x72, 0x6e, 0x5f, 0x66, 0x6f,
    0x72, 0x6d, 0x61, 0x6c, 0x22, 0x2c, 0x0a, 0x20, 0x20, 0x20, 0x20, 0x20, 0x20, 0x20, 0x20, 0x22,
    0x66, 0x69, 0x6c, 0x65, 0x22, 0x3a, 0x20, 0x22, 0x54, 0x61, 0x67, 0x67, 0x65, 0x64, 0x55, 0x72,
    0x6e, 0x2f, 0x55, 0x72, 0x6e, 0x2e, 0x6c, 0x65, 0x61, 0x6e, 0x22, 0x2c, 0x0a, 0x20, 0x20, 0x20,
    0x20, 0x20, 0x20, 0x20, 0x20, 0x22, 0x73, 0x74, 0x61, 0x72, 0x74, 0x22, 0x3a, 0x20, 0x7b, 0x0a,
    0x20, 0x20, 0x20, 0x20, 0x20, 0x20, 0x20, 0x20, 0x20, 0x20, 0x22, 0x6c, 0x69, 0x6e, 0x65, 0x22,
    0x3a, 0x20, 0x37, 0x32, 0x2c, 0x0a, 0x20, 0x20, 0x20, 0x20, 0x20, 0x20, 0x20, 0x20, 0x20, 0x20,
    0x22, 0x63, 0x6f, 0x6c, 0x75, 0x6d, 0x6e, 0x22, 0x3a, 0x20, 0x31, 0x0a, 0x20, 0x20, 0x20, 0x20,
    0x20, 0x20, 0x20, 0x20, 0x7d, 0x2c, 0x0a, 0x20, 0x20, 0x20, 0x20, 0x20, 0x20, 0x20, 0x20, 0x22,
    0x65, 0x6e, 0x64, 0x22, 0x3a, 0x20, 0x7b, 0x0a, 0x20, 0x20, 0x20, 0x20, 0x20, 0x20, 0x20, 0x20,
    0x20, 0x20, 0x22, 0x6c, 0x69, 0x6e, 0x65, 0x22, 0x3a, 0x20, 0x37, 0x33, 0x2c, 0x0a, 0x20, 0x20,
    0x20, 0x20, 0x20, 0x20, 0x20, 0x20, 0x20, 0x20, 0x22, 0x63, 0x6f, 0x6c, 0x75, 0x6d, 0x6e, 0x22,
    0x3a, 0x20, 0x36, 0x33, 0x0a, 0x20, 0x20, 0x20, 0x20, 0x20, 0x20, 0x20, 0x20, 0x7d, 0x0a, 0x20,
    0x20, 0x20, 0x20, 0x20, 0x20, 0x7d, 0x0a, 0x20, 0x20, 0x20, 0x20, 0x7d, 0x2c, 0x0a, 0x20, 0x20,
    0x20, 0x20, 0x7b, 0x0a, 0x20, 0x20, 0x20, 0x20, 0x20, 0x20, 0x22, 0x6e, 0x61, 0x6d, 0x65, 0x22,
    0x3a, 0x20, 0x22, 0x54, 0x61, 0x67, 0x67, 0x65, 0x64, 0x55, 0x72, 0x6e, 0x2e, 0x65, 0x71, 0x75,
    0x69, 0x76, 0x61, 0x6c, 0x65, 0x6e, 0x74, 0x22, 0x2c, 0x0a, 0x20, 0x20, 0x20, 0x20, 0x20, 0x20,
    0x22, 0x6b, 0x69, 0x6e, 0x64, 0x22, 0x3a, 0x20, 0x22, 0x6c, 0x75, 0x6e, 0x67, 0x6f, 0x2e, 0x72,
    0x65, 0x6c, 0x61, 0x74, 0x69, 0x6f, 0x6e, 0x22, 0x2c, 0x0a, 0x20, 0x20, 0x20, 0x20, 0x20, 0x20,
    0x22, 0x73, 0x74, 0x61, 0x74, 0x65, 0x6d, 0x65, 0x6e, 0x74, 0x22, 0x3a, 0x20, 0x22, 0x54, 0x61,
    0x67, 0x67, 0x65, 0x64, 0x55, 0x72, 0x6e, 0x2e, 0x55, 0x72, 0x6e, 0x20, 0xe2, 0x86, 0x92, 0x20,
    0x54, 0x61, 0x67, 0x67, 0x65, 0x64, 0x55, 0x72, 0x6e, 0x2e, 0x55, 0x72, 0x6e, 0x20, 0xe2, 0x86,
    0x92, 0x20, 0x50, 0x72, 0x6f, 0x70, 0x22, 0x2c, 0x0a, 0x20, 0x20, 0x20, 0x20, 0x20, 0x20, 0x22,
    0x64, 0x65, 0x66, 0x69, 0x6e, 0x69, 0x74, 0x69, 0x6f, 0x6e, 0x22, 0x3a, 0x20, 0x22, 0x66, 0x75,
    0x6e, 0x20, 0x61, 0x20, 0x62, 0x20, 0x3d, 0x3e, 0x20, 0x54, 0x61, 0x67, 0x67, 0x65, 0x64, 0x55,
    0x72, 0x6e, 0x2e, 0x72, 0x65, 0x66, 0x69, 0x6e, 0x65, 0x73, 0x20, 0x61, 0x20, 0x62, 0x20, 0xe2,
    0x88, 0xa7, 0x20, 0x54, 0x61, 0x67, 0x67, 0x65, 0x64, 0x55, 0x72, 0x6e, 0x2e, 0x72, 0x65, 0x66,
    0x69, 0x6e, 0x65, 0x73, 0x20, 0x62, 0x20, 0x61, 0x22, 0x2c, 0x0a, 0x20, 0x20, 0x20, 0x20, 0x20,
    0x20, 0x22, 0x70, 0x61, 0x63, 0x6b, 0x61, 0x67, 0x65, 0x22, 0x3a, 0x20, 0x22, 0x74, 0x61, 0x67,
    0x67, 0x65, 0x64, 0x5f, 0x75, 0x72, 0x6e, 0x5f, 0x66, 0x6f, 0x72, 0x6d, 0x61, 0x6c, 0x22, 0x2c,
    0x0a, 0x20, 0x20, 0x20, 0x20, 0x20, 0x20, 0x22, 0x66, 0x69, 0x6e, 0x67, 0x65, 0x72, 0x70, 0x72,
    0x69, 0x6e, 0x74, 0x22, 0x3a, 0x20, 0x22, 0x36, 0x32, 0x61, 0x37, 0x39, 0x38, 0x33, 0x35, 0x39,
    0x63, 0x30, 0x66, 0x38, 0x31, 0x34, 0x63, 0x63, 0x35, 0x61, 0x35, 0x33, 0x39, 0x34, 0x37, 0x35,
    0x33, 0x65, 0x61, 0x63, 0x31, 0x38, 0x35, 0x31, 0x61, 0x63, 0x61, 0x63, 0x64, 0x63, 0x37, 0x30,
    0x64, 0x31, 0x31, 0x65, 0x64, 0x32, 0x62, 0x37, 0x64, 0x32, 0x63, 0x65, 0x36, 0x32, 0x62, 0x38,
    0x66, 0x38, 0x37, 0x64, 0x30, 0x39, 0x65, 0x22, 0x2c, 0x0a, 0x20, 0x20, 0x20, 0x20, 0x20, 0x20,
    0x22, 0x73, 0x6f, 0x75, 0x72, 0x63, 0x65, 0x22, 0x3a, 0x20, 0x7b, 0x0a, 0x20, 0x20, 0x20, 0x20,
    0x20, 0x20, 0x20, 0x20, 0x22, 0x70, 0x61, 0x63, 0x6b, 0x61, 0x67, 0x65, 0x22, 0x3a, 0x20, 0x22,
    0x74, 0x61, 0x67, 0x67, 0x65, 0x64, 0x5f, 0x75, 0x72, 0x6e, 0x5f, 0x66, 0x6f, 0x72, 0x6d, 0x61,
    0x6c, 0x22, 0x2c, 0x0a, 0x20, 0x20, 0x20, 0x20, 0x20, 0x20, 0x20, 0x20, 0x22, 0x66, 0x69, 0x6c,
    0x65, 0x22, 0x3a, 0x20, 0x22, 0x54, 0x61, 0x67, 0x67, 0x65, 0x64, 0x55, 0x72, 0x6e, 0x2f, 0x55,
    0x72, 0x6e, 0x2e, 0x6c, 0x65, 0x61, 0x6e, 0x22, 0x2c, 0x0a, 0x20, 0x20, 0x20, 0x20, 0x20, 0x20,
    0x20, 0x20, 0x22, 0x73, 0x74, 0x61, 0x72, 0x74, 0x22, 0x3a, 0x20, 0x7b, 0x0a, 0x20, 0x20, 0x20,
    0x20, 0x20, 0x20, 0x20, 0x20, 0x20, 0x20, 0x22, 0x6c, 0x69, 0x6e, 0x65, 0x22, 0x3a, 0x20, 0x37,
    0x34, 0x2c, 0x0a, 0x20, 0x20, 0x20, 0x20, 0x20, 0x20, 0x20, 0x20, 0x20, 0x20, 0x22, 0x63, 0x6f,
    0x6c, 0x75, 0x6d, 0x6e, 0x22, 0x3a, 0x20, 0x31, 0x0a, 0x20, 0x20, 0x20, 0x20, 0x20, 0x20, 0x20,
    0x20, 0x7d, 0x2c, 0x0a, 0x20, 0x20, 0x20, 0x20, 0x20, 0x20, 0x20, 0x20, 0x22, 0x65, 0x6e, 0x64,
    0x22, 0x3a, 0x20, 0x7b, 0x0a, 0x20, 0x20, 0x20, 0x20, 0x20, 0x20, 0x20, 0x20, 0x20, 0x20, 0x22,
    0x6c, 0x69, 0x6e, 0x65, 0x22, 0x3a, 0x20, 0x37, 0x35, 0x2c, 0x0a, 0x20, 0x20, 0x20, 0x20, 0x20,
    0x20, 0x20, 0x20, 0x20, 0x20, 0x22, 0x63, 0x6f, 0x6c, 0x75, 0x6d, 0x6e, 0x22, 0x3a, 0x20, 0x36,
    0x33, 0x0a, 0x20, 0x20, 0x20, 0x20, 0x20, 0x20, 0x20, 0x20, 0x7d, 0x0a, 0x20, 0x20, 0x20, 0x20,
    0x20, 0x20, 0x7d, 0x0a, 0x20, 0x20, 0x20, 0x20, 0x7d, 0x2c, 0x0a, 0x20, 0x20, 0x20, 0x20, 0x7b,
    0x0a, 0x20, 0x20, 0x20, 0x20, 0x20, 0x20, 0x22, 0x6e, 0x61, 0x6d, 0x65, 0x22, 0x3a, 0x20, 0x22,
    0x54, 0x61, 0x67, 0x67, 0x65, 0x64, 0x55, 0x72, 0x6e, 0x2e, 0x6d, 0x65, 0x65, 0x74, 0x73, 0x22,
    0x2c, 0x0a, 0x20, 0x20, 0x20, 0x20, 0x20, 0x20, 0x22, 0x6b, 0x69, 0x6e, 0x64, 0x22, 0x3a, 0x20,
    0x22, 0x6c, 0x75, 0x6e, 0x67, 0x6f, 0x2e, 0x72, 0x65, 0x6c, 0x61, 0x74, 0x69, 0x6f, 0x6e, 0x22,
    0x2c, 0x0a, 0x20, 0x20, 0x20, 0x20, 0x20, 0x20, 0x22, 0x73, 0x74, 0x61, 0x74, 0x65, 0x6d, 0x65,
    0x6e, 0x74, 0x22, 0x3a, 0x20, 0x22, 0x54, 0x61, 0x67, 0x67, 0x65, 0x64, 0x55, 0x72, 0x6e, 0x2e,
    0x55, 0x72, 0x6e, 0x20, 0xe2, 0x86, 0x92, 0x20, 0x54, 0x61, 0x67, 0x67, 0x65, 0x64, 0x55, 0x72,
    0x6e, 0x2e, 0x55, 0x72, 0x6e, 0x20, 0xe2, 0x86, 0x92, 0x20, 0x50, 0x72, 0x6f, 0x70, 0x22, 0x2c,
    0x0a, 0x20, 0x20, 0x20, 0x20, 0x20, 0x20, 0x22, 0x64, 0x65, 0x66, 0x69, 0x6e, 0x69, 0x74, 0x69,
    0x6f, 0x6e, 0x22, 0x3a, 0x20, 0x22, 0x66, 0x75, 0x6e, 0x20, 0x61, 0x20, 0x62, 0x20, 0x3d, 0x3e,
    0x5c, 0x6e, 0x20, 0x20, 0x61, 0x2e, 0x73, 0x63, 0x68, 0x65, 0x6d, 0x65, 0x20, 0x3d, 0x20, 0x62,
    0x2e, 0x73, 0x63, 0x68, 0x65, 0x6d, 0x65, 0x20, 0xe2, 0x88, 0xa7, 0x20, 0xe2, 0x88, 0x80, 0x20,
    0x28, 0x6b, 0x65, 0x79, 0x20, 0x3a, 0x20, 0x53, 0x74, 0x72, 0x69, 0x6e, 0x67, 0x29, 0x2c, 0x20,
    0x6b, 0x65, 0x79, 0x20, 0xe2, 0x88, 0x88, 0x20, 0x61, 0x2e, 0x6b, 0x65, 0x79, 0x73, 0x20, 0x2b,
    0x2b, 0x20, 0x62, 0x2e, 0x6b, 0x65, 0x79, 0x73, 0x20, 0xe2, 0x86, 0x92, 0x20, 0x54, 0x61, 0x67,
    0x67, 0x65, 0x64, 0x55, 0x72, 0x6e, 0x2e, 0x74, 0x61, 0x67, 0x4d, 0x65, 0x65, 0x74, 0x73, 0x20,
    0x28, 0x61, 0x2e, 0x74, 0x61, 0x67, 0x20, 0x6b, 0x65, 0x79, 0x29, 0x20, 0x28, 0x62, 0x2e, 0x74,
    0x61, 0x67, 0x20, 0x6b, 0x65, 0x79, 0x29, 0x20, 0x3d, 0x20, 0x74, 0x72, 0x75, 0x65, 0x22, 0x2c,
    0x0a, 0x20, 0x20, 0x20, 0x20, 0x20, 0x20, 0x22, 0x70, 0x61, 0x63, 0x6b, 0x61, 0x67, 0x65, 0x22,
    0x3a, 0x20, 0x22, 0x74, 0x61, 0x67, 0x67, 0x65, 0x64, 0x5f, 0x75, 0x72, 0x6e, 0x5f, 0x66, 0x6f,
    0x72, 0x6d, 0x61, 0x6c, 0x22, 0x2c, 0x0a, 0x20, 0x20, 0x20, 0x20, 0x20, 0x20, 0x22, 0x66, 0x69,
    0x6e, 0x67, 0x65, 0x72, 0x70, 0x72, 0x69, 0x6e, 0x74, 0x22, 0x3a, 0x20, 0x22, 0x39, 0x37, 0x66,
    0x31, 0x39, 0x30, 0x61, 0x38, 0x34, 0x35, 0x66, 0x64, 0x37, 0x37, 0x66, 0x64, 0x37, 0x35, 0x63,
    0x37, 0x34, 0x37, 0x66, 0x39, 0x39, 0x66, 0x35, 0x64, 0x35, 0x37, 0x31, 0x32, 0x62, 0x30, 0x64,
    0x34, 0x38, 0x65, 0x36, 0x34, 0x64, 0x31, 0x38, 0x64, 0x34, 0x62, 0x34, 0x38, 0x64, 0x35, 0x61,
    0x61, 0x64, 0x35, 0x34, 0x31, 0x64, 0x37, 0x37, 0x35, 0x39, 0x34, 0x61, 0x31, 0x22, 0x2c, 0x0a,
    0x20, 0x20, 0x20, 0x20, 0x20, 0x20, 0x22, 0x73, 0x6f, 0x75, 0x72, 0x63, 0x65, 0x22, 0x3a, 0x20,
    0x7b, 0x0a, 0x20, 0x20, 0x20, 0x20, 0x20, 0x20, 0x20, 0x20, 0x22, 0x70, 0x61, 0x63, 0x6b, 0x61,
    0x67, 0x65, 0x22, 0x3a, 0x20, 0x22, 0x74, 0x61, 0x67, 0x67, 0x65, 0x64, 0x5f, 0x75, 0x72, 0x6e,
    0x5f, 0x66, 0x6f, 0x72, 0x6d, 0x61, 0x6c, 0x22, 0x2c, 0x0a, 0x20, 0x20, 0x20, 0x20, 0x20, 0x20,
    0x20, 0x20, 0x22, 0x66, 0x69, 0x6c, 0x65, 0x22, 0x3a, 0x20, 0x22, 0x54, 0x61, 0x67, 0x67, 0x65,
    0x64, 0x55, 0x72, 0x6e, 0x2f, 0x55, 0x72, 0x6e, 0x2e, 0x6c, 0x65, 0x61, 0x6e, 0x22, 0x2c, 0x0a,
    0x20, 0x20, 0x20, 0x20, 0x20, 0x20, 0x20, 0x20, 0x22, 0x73, 0x74, 0x61, 0x72, 0x74, 0x22, 0x3a,
    0x20, 0x7b, 0x0a, 0x20, 0x20, 0x20, 0x20, 0x20, 0x20, 0x20, 0x20, 0x20, 0x20, 0x22, 0x6c, 0x69,
    0x6e, 0x65, 0x22, 0x3a, 0x20, 0x31, 0x34, 0x30, 0x2c, 0x0a, 0x20, 0x20, 0x20, 0x20, 0x20, 0x20,
    0x20, 0x20, 0x20, 0x20, 0x22, 0x63, 0x6f, 0x6c, 0x75, 0x6d, 0x6e, 0x22, 0x3a, 0x20, 0x31, 0x0a,
    0x20, 0x20, 0x20, 0x20, 0x20, 0x20, 0x20, 0x20, 0x7d, 0x2c, 0x0a, 0x20, 0x20, 0x20, 0x20, 0x20,
    0x20, 0x20, 0x20, 0x22, 0x65, 0x6e, 0x64, 0x22, 0x3a, 0x20, 0x7b, 0x0a, 0x20, 0x20, 0x20, 0x20,
    0x20, 0x20, 0x20, 0x20, 0x20, 0x20, 0x22, 0x6c, 0x69, 0x6e, 0x65, 0x22, 0x3a, 0x20, 0x31, 0x34,
    0x35, 0x2c, 0x0a, 0x20, 0x20, 0x20, 0x20, 0x20, 0x20, 0x20, 0x20, 0x20, 0x20, 0x22, 0x63, 0x6f,
    0x6c, 0x75, 0x6d, 0x6e, 0x22, 0x3a, 0x20, 0x37, 0x30, 0x0a, 0x20, 0x20, 0x20, 0x20, 0x20, 0x20,
    0x20, 0x20, 0x7d, 0x0a, 0x20, 0x20, 0x20, 0x20, 0x20, 0x20, 0x7d, 0x0a, 0x20, 0x20, 0x20, 0x20,
    0x7d, 0x2c, 0x0a, 0x20, 0x20, 0x20, 0x20, 0x7b, 0x0a, 0x20, 0x20, 0x20, 0x20, 0x20, 0x20, 0x22,
    0x6e, 0x61, 0x6d, 0x65, 0x22, 0x3a, 0x20, 0x22, 0x54, 0x61, 0x67, 0x67, 0x65, 0x64, 0x55, 0x72,
    0x6e, 0x2e, 0x6d, 0x65, 0x65, 0x74, 0x73, 0x43, 0x6c, 0x6f, 0x73, 0x65, 0x64, 0x22, 0x2c, 0x0a,
    0x20, 0x20, 0x20, 0x20, 0x20, 0x20, 0x22, 0x6b, 0x69, 0x6e, 0x64, 0x22, 0x3a, 0x20, 0x22, 0x6c,
    0x75, 0x6e, 0x67, 0x6f, 0x2e, 0x72, 0x65, 0x6c, 0x61, 0x74, 0x69, 0x6f, 0x6e, 0x22, 0x2c, 0x0a,
    0x20, 0x20, 0x20, 0x20, 0x20, 0x20, 0x22, 0x73, 0x74, 0x61, 0x74, 0x65, 0x6d, 0x65, 0x6e, 0x74,
    0x22, 0x3a, 0x20, 0x22, 0x54, 0x61, 0x67, 0x67, 0x65, 0x64, 0x55, 0x72, 0x6e, 0x2e, 0x55, 0x72,
    0x6e, 0x20, 0xe2, 0x86, 0x92, 0x20, 0x54, 0x61, 0x67, 0x67, 0x65, 0x64, 0x55, 0x72, 0x6e, 0x2e,
    0x55, 0x72, 0x6e, 0x20, 0xe2, 0x86, 0x92, 0x20, 0x50, 0x72, 0x6f, 0x70, 0x22, 0x2c, 0x0a, 0x20,
    0x20, 0x20, 0x20, 0x20, 0x20, 0x22, 0x64, 0x65, 0x66, 0x69, 0x6e, 0x69, 0x74, 0x69, 0x6f, 0x6e,
    0x22, 0x3a, 0x20, 0x22, 0x66, 0x75, 0x6e, 0x20, 0x61, 0x20, 0x62, 0x20, 0x3d, 0x3e, 0x5c, 0x6e,
    0x20, 0x20, 0x61, 0x2e, 0x73, 0x63, 0x68, 0x65, 0x6d, 0x65, 0x20, 0x3d, 0x20, 0x62, 0x2e, 0x73,
    0x63, 0x68, 0x65, 0x6d, 0x65, 0x20, 0xe2, 0x88, 0xa7, 0x5c, 0x6e, 0x20, 0x20, 0x20, 0x20, 0xe2,
    0x88, 0x80, 0x20, 0x28, 0x6b, 0x65, 0x79, 0x20, 0x3a, 0x20, 0x53, 0x74, 0x72, 0x69, 0x6e, 0x67,
    0x29, 0x2c, 0x20, 0x6b, 0x65, 0x79, 0x20, 0xe2, 0x88, 0x88, 0x20, 0x61, 0x2e, 0x6b, 0x65, 0x79,
    0x73, 0x20, 0x2b, 0x2b, 0x20, 0x62, 0x2e, 0x6b, 0x65, 0x79, 0x73, 0x20, 0xe2, 0x86, 0x92, 0x20,
    0x54, 0x61, 0x67, 0x67, 0x65, 0x64, 0x55, 0x72, 0x6e, 0x2e, 0x74, 0x61, 0x67, 0x4d, 0x65, 0x65,
    0x74, 0x73, 0x20, 0x28, 0x61, 0x2e, 0x74, 0x61, 0x67, 0x20, 0x6b, 0x65, 0x79, 0x29, 0x2e, 0x63,
    0x6c, 0x6f, 0x73, 0x65, 0x64, 0x20, 0x28, 0x62, 0x2e, 0x74, 0x61, 0x67, 0x20, 0x6b, 0x65, 0x79,
    0x29, 0x20, 0x3d, 0x20, 0x74, 0x72, 0x75, 0x65, 0x22, 0x2c, 0x0a, 0x20, 0x20, 0x20, 0x20, 0x20,
    0x20, 0x22, 0x70, 0x61, 0x63, 0x6b, 0x61, 0x67, 0x65, 0x22, 0x3a, 0x20, 0x22, 0x74, 0x61, 0x67,
    0x67, 0x65, 0x64, 0x5f, 0x75, 0x72, 0x6e, 0x5f, 0x66, 0x6f, 0x72, 0x6d, 0x61, 0x6c, 0x22, 0x2c,
    0x0a, 0x20, 0x20, 0x20, 0x20, 0x20, 0x20, 0x22, 0x66, 0x69, 0x6e, 0x67, 0x65, 0x72, 0x70, 0x72,
    0x69, 0x6e, 0x74, 0x22, 0x3a, 0x20, 0x22, 0x65, 0x61, 0x31, 0x35, 0x39, 0x65, 0x32, 0x38, 0x39,
    0x35, 0x35, 0x63, 0x38, 0x63, 0x38, 0x34, 0x66, 0x62, 0x33, 0x66, 0x35, 0x38, 0x65, 0x33, 0x39,
    0x31, 0x37, 0x38, 0x33, 0x62, 0x39, 0x34, 0x31, 0x34, 0x38, 0x38, 0x30, 0x65, 0x34, 0x39, 0x65,
    0x64, 0x33, 0x32, 0x33, 0x37, 0x31, 0x38, 0x63, 0x34, 0x31, 0x65, 0x35, 0x33, 0x39, 0x65, 0x30,
    0x32, 0x61, 0x39, 0x61, 0x34, 0x33, 0x64, 0x22, 0x2c, 0x0a, 0x20, 0x20, 0x20, 0x20, 0x20, 0x20,
    0x22, 0x73, 0x6f, 0x75, 0x72, 0x63, 0x65, 0x22, 0x3a, 0x20, 0x7b, 0x0a, 0x20, 0x20, 0x20, 0x20,
    0x20, 0x20, 0x20, 0x20, 0x22, 0x70, 0x61, 0x63, 0x6b, 0x61, 0x67, 0x65, 0x22, 0x3a, 0x20, 0x22,
    0x74, 0x61, 0x67, 0x67, 0x65, 0x64, 0x5f, 0x75, 0x72, 0x6e, 0x5f, 0x66, 0x6f, 0x72, 0x6d, 0x61,
    0x6c, 0x22, 0x2c, 0x0a, 0x20, 0x20, 0x20, 0x20, 0x20, 0x20, 0x20, 0x20, 0x22, 0x66, 0x69, 0x6c,
    0x65, 0x22, 0x3a, 0x20, 0x22, 0x54, 0x61, 0x67, 0x67, 0x65, 0x64, 0x55, 0x72, 0x6e, 0x2f, 0x55,
    0x72, 0x6e, 0x2e, 0x6c, 0x65, 0x61, 0x6e, 0x22, 0x2c, 0x0a, 0x20, 0x20, 0x20, 0x20, 0x20, 0x20,
    0x20, 0x20, 0x22, 0x73, 0x74, 0x61, 0x72, 0x74, 0x22, 0x3a, 0x20, 0x7b, 0x0a, 0x20, 0x20, 0x20,
    0x20, 0x20, 0x20, 0x20, 0x20, 0x20, 0x20, 0x22, 0x6c, 0x69, 0x6e, 0x65, 0x22, 0x3a, 0x20, 0x32,
    0x35, 0x37, 0x2c, 0x0a, 0x20, 0x20, 0x20, 0x20, 0x20, 0x20, 0x20, 0x20, 0x20, 0x20, 0x22, 0x63,
    0x6f, 0x6c, 0x75, 0x6d, 0x6e, 0x22, 0x3a, 0x20, 0x31, 0x0a, 0x20, 0x20, 0x20, 0x20, 0x20, 0x20,
    0x20, 0x20, 0x7d, 0x2c, 0x0a, 0x20, 0x20, 0x20, 0x20, 0x20, 0x20, 0x20, 0x20, 0x22, 0x65, 0x6e,
    0x64, 0x22, 0x3a, 0x20, 0x7b, 0x0a, 0x20, 0x20, 0x20, 0x20, 0x20, 0x20, 0x20, 0x20, 0x20, 0x20,
    0x22, 0x6c, 0x69, 0x6e, 0x65, 0x22, 0x3a, 0x20, 0x32, 0x36, 0x33, 0x2c, 0x0a, 0x20, 0x20, 0x20,
    0x20, 0x20, 0x20, 0x20, 0x20, 0x20, 0x20, 0x22, 0x63, 0x6f, 0x6c, 0x75, 0x6d, 0x6e, 0x22, 0x3a,
    0x20, 0x37, 0x37, 0x0a, 0x20, 0x20, 0x20, 0x20, 0x20, 0x20, 0x20, 0x20, 0x7d, 0x0a, 0x20, 0x20,
    0x20, 0x20, 0x20, 0x20, 0x7d, 0x0a, 0x20, 0x20, 0x20, 0x20, 0x7d, 0x2c, 0x0a, 0x20, 0x20, 0x20,
    0x20, 0x7b, 0x0a, 0x20, 0x20, 0x20, 0x20, 0x20, 0x20, 0x22, 0x6e, 0x61, 0x6d, 0x65, 0x22, 0x3a,
    0x20, 0x22, 0x54, 0x61, 0x67, 0x67, 0x65, 0x64, 0x55, 0x72, 0x6e, 0x2e, 0x72, 0x65, 0x66, 0x69,
    0x6e, 0x65, 0x73, 0x22, 0x2c, 0x0a, 0x20, 0x20, 0x20, 0x20, 0x20, 0x20, 0x22, 0x6b, 0x69, 0x6e,
    0x64, 0x22, 0x3a, 0x20, 0x22, 0x6c, 0x75, 0x6e, 0x67, 0x6f, 0x2e, 0x72, 0x65, 0x6c, 0x61, 0x74,
    0x69, 0x6f, 0x6e, 0x22, 0x2c, 0x0a, 0x20, 0x20, 0x20, 0x20, 0x20, 0x20, 0x22, 0x73, 0x74, 0x61,
    0x74, 0x65, 0x6d, 0x65, 0x6e, 0x74, 0x22, 0x3a, 0x20, 0x22, 0x54, 0x61, 0x67, 0x67, 0x65, 0x64,
    0x55, 0x72, 0x6e, 0x2e, 0x55, 0x72, 0x6e, 0x20, 0xe2, 0x86, 0x92, 0x20, 0x54, 0x61, 0x67, 0x67,
    0x65, 0x64, 0x55, 0x72, 0x6e, 0x2e, 0x55, 0x72, 0x6e, 0x20, 0xe2, 0x86, 0x92, 0x20, 0x50, 0x72,
    0x6f, 0x70, 0x22, 0x2c, 0x0a, 0x20, 0x20, 0x20, 0x20, 0x20, 0x20, 0x22, 0x64, 0x65, 0x66, 0x69,
    0x6e, 0x69, 0x74, 0x69, 0x6f, 0x6e, 0x22, 0x3a, 0x20, 0x22, 0x66, 0x75, 0x6e, 0x20, 0x61, 0x20,
    0x62, 0x20, 0x3d, 0x3e, 0x5c, 0x6e, 0x20, 0x20, 0x61, 0x2e, 0x73, 0x63, 0x68, 0x65, 0x6d, 0x65,
    0x20, 0x3d, 0x20, 0x62, 0x2e, 0x73, 0x63, 0x68, 0x65, 0x6d, 0x65, 0x20, 0xe2, 0x88, 0xa7, 0x20,
    0xe2, 0x88, 0x80, 0x20, 0x28, 0x6b, 0x65, 0x79, 0x20, 0x3a, 0x20, 0x53, 0x74, 0x72, 0x69, 0x6e,
    0x67, 0x29, 0x2c, 0x20, 0x6b, 0x65, 0x79, 0x20, 0xe2, 0x88, 0x88, 0x20, 0x61, 0x2e, 0x6b, 0x65,
    0x79, 0x73, 0x20, 0x2b, 0x2b, 0x20, 0x62, 0x2e, 0x6b, 0x65, 0x79, 0x73, 0x20, 0xe2, 0x86, 0x92,
    0x20, 0x54, 0x61, 0x67, 0x67, 0x65, 0x64, 0x55, 0x72, 0x6e, 0x2e, 0x74, 0x61, 0x67, 0x4d, 0x61,
    0x74, 0x63, 0x68, 0x20, 0x28, 0x61, 0x2e, 0x74, 0x61, 0x67, 0x20, 0x6b, 0x65, 0x79, 0x29, 0x20,
    0x28, 0x62, 0x2e, 0x74, 0x61, 0x67, 0x20, 0x6b, 0x65, 0x79, 0x29, 0x20, 0x3d, 0x20, 0x74, 0x72,
    0x75, 0x65, 0x22, 0x2c, 0x0a, 0x20, 0x20, 0x20, 0x20, 0x20, 0x20, 0x22, 0x70, 0x61, 0x63, 0x6b,
    0x61, 0x67, 0x65, 0x22, 0x3a, 0x20, 0x22, 0x74, 0x61, 0x67, 0x67, 0x65, 0x64, 0x5f, 0x75, 0x72,
    0x6e, 0x5f, 0x66, 0x6f, 0x72, 0x6d, 0x61, 0x6c, 0x22, 0x2c, 0x0a, 0x20, 0x20, 0x20, 0x20, 0x20,
    0x20, 0x22, 0x66, 0x69, 0x6e, 0x67, 0x65, 0x72, 0x70, 0x72, 0x69, 0x6e, 0x74, 0x22, 0x3a, 0x20,
    0x22, 0x36, 0x39, 0x34, 0x32, 0x35, 0x30, 0x39, 0x62, 0x62, 0x65, 0x66, 0x64, 0x66, 0x61, 0x66,
    0x35, 0x63, 0x38, 0x31, 0x31, 0x37, 0x34, 0x61, 0x30, 0x64, 0x61, 0x37, 0x34, 0x32, 0x31, 0x65,
    0x38, 0x37, 0x34, 0x33, 0x64, 0x30, 0x37, 0x64, 0x64, 0x63, 0x62, 0x30, 0x63, 0x36, 0x33, 0x61,
    0x33, 0x38, 0x36, 0x62, 0x37, 0x36, 0x38, 0x31, 0x39, 0x35, 0x66, 0x33, 0x62, 0x33, 0x63, 0x31,
    0x31, 0x22, 0x2c, 0x0a, 0x20, 0x20, 0x20, 0x20, 0x20, 0x20, 0x22, 0x73, 0x6f, 0x75, 0x72, 0x63,
    0x65, 0x22, 0x3a, 0x20, 0x7b, 0x0a, 0x20, 0x20, 0x20, 0x20, 0x20, 0x20, 0x20, 0x20, 0x22, 0x70,
    0x61, 0x63, 0x6b, 0x61, 0x67, 0x65, 0x22, 0x3a, 0x20, 0x22, 0x74, 0x61, 0x67, 0x67, 0x65, 0x64,
    0x5f, 0x75, 0x72, 0x6e, 0x5f, 0x66, 0x6f, 0x72, 0x6d, 0x61, 0x6c, 0x22, 0x2c, 0x0a, 0x20, 0x20,
    0x20, 0x20, 0x20, 0x20, 0x20, 0x20, 0x22, 0x66, 0x69, 0x6c, 0x65, 0x22, 0x3a, 0x20, 0x22, 0x54,
    0x61, 0x67, 0x67, 0x65, 0x64, 0x55, 0x72, 0x6e, 0x2f, 0x55, 0x72, 0x6e, 0x2e, 0x6c, 0x65, 0x61,
    0x6e, 0x22, 0x2c, 0x0a, 0x20, 0x20, 0x20, 0x20, 0x20, 0x20, 0x20, 0x20, 0x22, 0x73, 0x74, 0x61,
    0x72, 0x74, 0x22, 0x3a, 0x20, 0x7b, 0x0a, 0x20, 0x20, 0x20, 0x20, 0x20, 0x20, 0x20, 0x20, 0x20,
    0x20, 0x22, 0x6c, 0x69, 0x6e, 0x65, 0x22, 0x3a, 0x20, 0x32, 0x37, 0x2c, 0x0a, 0x20, 0x20, 0x20,
    0x20, 0x20, 0x20, 0x20, 0x20, 0x20, 0x20, 0x22, 0x63, 0x6f, 0x6c, 0x75, 0x6d, 0x6e, 0x22, 0x3a,
    0x20, 0x31, 0x0a, 0x20, 0x20, 0x20, 0x20, 0x20, 0x20, 0x20, 0x20, 0x7d, 0x2c, 0x0a, 0x20, 0x20,
    0x20, 0x20, 0x20, 0x20, 0x20, 0x20, 0x22, 0x65, 0x6e, 0x64, 0x22, 0x3a, 0x20, 0x7b, 0x0a, 0x20,
    0x20, 0x20, 0x20, 0x20, 0x20, 0x20, 0x20, 0x20, 0x20, 0x22, 0x6c, 0x69, 0x6e, 0x65, 0x22, 0x3a,
    0x20, 0x33, 0x31, 0x2c, 0x0a, 0x20, 0x20, 0x20, 0x20, 0x20, 0x20, 0x20, 0x20, 0x20, 0x20, 0x22,
    0x63, 0x6f, 0x6c, 0x75, 0x6d, 0x6e, 0x22, 0x3a, 0x20, 0x37, 0x30, 0x0a, 0x20, 0x20, 0x20, 0x20,
    0x20, 0x20, 0x20, 0x20, 0x7d, 0x0a, 0x20, 0x20, 0x20, 0x20, 0x20, 0x20, 0x7d, 0x0a, 0x20, 0x20,
    0x20, 0x20, 0x7d, 0x2c, 0x0a, 0x20, 0x20, 0x20, 0x20, 0x7b, 0x0a, 0x20, 0x20, 0x20, 0x20, 0x20,
    0x20, 0x22, 0x6e, 0x61, 0x6d, 0x65, 0x22, 0x3a, 0x20, 0x22, 0x54, 0x61, 0x67, 0x67, 0x65, 0x64,
    0x55, 0x72, 0x6e, 0x2e, 0x72, 0x65, 0x66, 0x69, 0x6e, 0x65, 0x73, 0x43, 0x6c, 0x6f, 0x73, 0x65,
    0x64, 0x22, 0x2c, 0x0a, 0x20, 0x20, 0x20, 0x20, 0x20, 0x20, 0x22, 0x6b, 0x69, 0x6e, 0x64, 0x22,
    0x3a, 0x20, 0x22, 0x6c, 0x75, 0x6e, 0x67, 0x6f, 0x2e, 0x72, 0x65, 0x6c, 0x61, 0x74, 0x69, 0x6f,
    0x6e, 0x22, 0x2c, 0x0a, 0x20, 0x20, 0x20, 0x20, 0x20, 0x20, 0x22, 0x73, 0x74, 0x61, 0x74, 0x65,
    0x6d, 0x65, 0x6e, 0x74, 0x22, 0x3a, 0x20, 0x22, 0x54, 0x61, 0x67, 0x67, 0x65, 0x64, 0x55, 0x72,
    0x6e, 0x2e, 0x55, 0x72, 0x6e, 0x20, 0xe2, 0x86, 0x92, 0x20, 0x54, 0x61, 0x67, 0x67, 0x65, 0x64,
    0x55, 0x72, 0x6e, 0x2e, 0x55, 0x72, 0x6e, 0x20, 0xe2, 0x86, 0x92, 0x20, 0x50, 0x72, 0x6f, 0x70,
    0x22, 0x2c, 0x0a, 0x20, 0x20, 0x20, 0x20, 0x20, 0x20, 0x22, 0x64, 0x65, 0x66, 0x69, 0x6e, 0x69,
    0x74, 0x69, 0x6f, 0x6e, 0x22, 0x3a, 0x20, 0x22, 0x66, 0x75, 0x6e, 0x20, 0x61, 0x20, 0x62, 0x20,
    0x3d, 0x3e, 0x5c, 0x6e, 0x20, 0x20, 0x61, 0x2e, 0x73, 0x63, 0x68, 0x65, 0x6d, 0x65, 0x20, 0x3d,
    0x20, 0x62, 0x2e, 0x73, 0x63, 0x68, 0x65, 0x6d, 0x65, 0x20, 0xe2, 0x88, 0xa7, 0x5c, 0x6e, 0x20,
    0x20, 0x20, 0x20, 0xe2, 0x88, 0x80, 0x20, 0x28, 0x6b, 0x65, 0x79, 0x20, 0x3a, 0x20, 0x53, 0x74,
    0x72, 0x69, 0x6e, 0x67, 0x29, 0x2c, 0x20, 0x6b, 0x65, 0x79, 0x20, 0xe2, 0x88, 0x88, 0x20, 0x61,
    0x2e, 0x6b, 0x65, 0x79, 0x73, 0x20, 0x2b, 0x2b, 0x20, 0x62, 0x2e, 0x6b, 0x65, 0x79, 0x73, 0x20,
    0xe2, 0x86, 0x92, 0x20, 0x54, 0x61, 0x67, 0x67, 0x65, 0x64, 0x55, 0x72, 0x6e, 0x2e, 0x74, 0x61,
    0x67, 0x4d, 0x61, 0x74, 0x63, 0x68, 0x20, 0x28, 0x61, 0x2e, 0x74, 0x61, 0x67, 0x20, 0x6b, 0x65,
    0x79, 0x29, 0x2e, 0x63, 0x6c, 0x6f, 0x73, 0x65, 0x64, 0x20, 0x28, 0x62, 0x2e, 0x74, 0x61, 0x67,
    0x20, 0x6b, 0x65, 0x79, 0x29, 0x20, 0x3d, 0x20, 0x74, 0x72, 0x75, 0x65, 0x22, 0x2c, 0x0a, 0x20,
    0x20, 0x20, 0x20, 0x20, 0x20, 0x22, 0x70, 0x61, 0x63, 0x6b, 0x61, 0x67, 0x65, 0x22, 0x3a, 0x20,
    0x22, 0x74, 0x61, 0x67, 0x67, 0x65, 0x64, 0x5f, 0x75, 0x72, 0x6e, 0x5f, 0x66, 0x6f, 0x72, 0x6d,
    0x61, 0x6c, 0x22, 0x2c, 0x0a, 0x20, 0x20, 0x20, 0x20, 0x20, 0x20, 0x22, 0x66, 0x69, 0x6e, 0x67,
    0x65, 0x72, 0x70, 0x72, 0x69, 0x6e, 0x74, 0x22, 0x3a, 0x20, 0x22, 0x39, 0x62, 0x35, 0x36, 0x34,
    0x39, 0x33, 0x36, 0x38, 0x37, 0x37, 0x66, 0x30, 0x65, 0x63, 0x33, 0x34, 0x63, 0x34, 0x32, 0x30,
    0x35, 0x34, 0x62, 0x61, 0x36, 0x33, 0x30, 0x64, 0x35, 0x31, 0x34, 0x35, 0x30, 0x61, 0x65, 0x36,
    0x30, 0x39, 0x38, 0x39, 0x39, 0x63, 0x35, 0x35, 0x65, 0x33, 0x62, 0x39, 0x61, 0x65, 0x32, 0x35,
    0x36, 0x38, 0x64, 0x36, 0x36, 0x63, 0x37, 0x36, 0x39, 0x39, 0x38, 0x22, 0x2c, 0x0a, 0x20, 0x20,
    0x20, 0x20, 0x20, 0x20, 0x22, 0x73, 0x6f, 0x75, 0x72, 0x63, 0x65, 0x22, 0x3a, 0x20, 0x7b, 0x0a,
    0x20, 0x20, 0x20, 0x20, 0x20, 0x20, 0x20, 0x20, 0x22, 0x70, 0x61, 0x63, 0x6b, 0x61, 0x67, 0x65,
    0x22, 0x3a, 0x20, 0x22, 0x74, 0x61, 0x67, 0x67, 0x65, 0x64, 0x5f, 0x75, 0x72, 0x6e, 0x5f, 0x66,
    0x6f, 0x72, 0x6d, 0x61, 0x6c, 0x22, 0x2c, 0x0a, 0x20, 0x20, 0x20, 0x20, 0x20, 0x20, 0x20, 0x20,
    0x22, 0x66, 0x69, 0x6c, 0x65, 0x22, 0x3a, 0x20, 0x22, 0x54, 0x61, 0x67, 0x67, 0x65, 0x64, 0x55,
    0x72, 0x6e, 0x2f, 0x55, 0x72, 0x6e, 0x2e, 0x6c, 0x65, 0x61, 0x6e, 0x22, 0x2c, 0x0a, 0x20, 0x20,
    0x20, 0x20, 0x20, 0x20, 0x20, 0x20, 0x22, 0x73, 0x74, 0x61, 0x72, 0x74, 0x22, 0x3a, 0x20, 0x7b,
    0x0a, 0x20, 0x20, 0x20, 0x20, 0x20, 0x20, 0x20, 0x20, 0x20, 0x20, 0x22, 0x6c, 0x69, 0x6e, 0x65,
    0x22, 0x3a, 0x20, 0x32, 0x30, 0x30, 0x2c, 0x0a, 0x20, 0x20, 0x20, 0x20, 0x20, 0x20, 0x20, 0x20,
    0x20, 0x20, 0x22, 0x63, 0x6f, 0x6c, 0x75, 0x6d, 0x6e, 0x22, 0x3a, 0x20, 0x31, 0x0a, 0x20, 0x20,
    0x20, 0x20, 0x20, 0x20, 0x20, 0x20, 0x7d, 0x2c, 0x0a, 0x20, 0x20, 0x20, 0x20, 0x20, 0x20, 0x20,
    0x20, 0x22, 0x65, 0x6e, 0x64, 0x22, 0x3a, 0x20, 0x7b, 0x0a, 0x20, 0x20, 0x20, 0x20, 0x20, 0x20,
    0x20, 0x20, 0x20, 0x20, 0x22, 0x6c, 0x69, 0x6e, 0x65, 0x22, 0x3a, 0x20, 0x32, 0x30, 0x33, 0x2c,
    0x0a, 0x20, 0x20, 0x20, 0x20, 0x20, 0x20, 0x20, 0x20, 0x20, 0x20, 0x22, 0x63, 0x6f, 0x6c, 0x75,
    0x6d, 0x6e, 0x22, 0x3a, 0x20, 0x37, 0x37, 0x0a, 0x20, 0x20, 0x20, 0x20, 0x20, 0x20, 0x20, 0x20,
    0x7d, 0x0a, 0x20, 0x20, 0x20, 0x20, 0x20, 0x20, 0x7d, 0x0a, 0x20, 0x20, 0x20, 0x20, 0x7d, 0x2c,
    0x0a, 0x20, 0x20, 0x20, 0x20, 0x7b, 0x0a, 0x20, 0x20, 0x20, 0x20, 0x20, 0x20, 0x22, 0x6e, 0x61,
    0x6d, 0x65, 0x22, 0x3a, 0x20, 0x22, 0x54, 0x61, 0x67, 0x67, 0x65, 0x64, 0x55, 0x72, 0x6e, 0x2e,
    0x75, 0x72, 0x6e, 0x53, 0x63, 0x6f, 0x72, 0x65, 0x22, 0x2c, 0x0a, 0x20, 0x20, 0x20, 0x20, 0x20,
    0x20, 0x22, 0x6b, 0x69, 0x6e, 0x64, 0x22, 0x3a, 0x20, 0x22, 0x6c, 0x75, 0x6e, 0x67, 0x6f, 0x2e,
    0x6d, 0x6f, 0x64, 0x65, 0x6c, 0x22, 0x2c, 0x0a, 0x20, 0x20, 0x20, 0x20, 0x20, 0x20, 0x22, 0x73,
    0x74, 0x61, 0x74, 0x65, 0x6d, 0x65, 0x6e, 0x74, 0x22, 0x3a, 0x20, 0x22, 0x54, 0x61, 0x67, 0x67,
    0x65, 0x64, 0x55, 0x72, 0x6e, 0x2e, 0x55, 0x72, 0x6e, 0x20, 0xe2, 0x86, 0x92, 0x20, 0x4e, 0x61,
    0x74, 0x22, 0x2c, 0x0a, 0x20, 0x20, 0x20, 0x20, 0x20, 0x20, 0x22, 0x64, 0x65, 0x66, 0x69, 0x6e,
    0x69, 0x74, 0x69, 0x6f, 0x6e, 0x22, 0x3a, 0x20, 0x22, 0x66, 0x75, 0x6e, 0x20, 0x75, 0x20, 0x3d,
    0x3e, 0x20, 0x28, 0x4c, 0x69, 0x73, 0x74, 0x2e, 0x6d, 0x61, 0x70, 0x20, 0x28, 0x66, 0x75, 0x6e,
    0x20, 0x70, 0x61, 0x69, 0x72, 0x20, 0x3d, 0x3e, 0x20, 0x54, 0x61, 0x67, 0x67, 0x65, 0x64, 0x55,
    0x72, 0x6e, 0x2e, 0x74, 0x61, 0x67, 0x53, 0x63, 0x6f, 0x72, 0x65, 0x20, 0x70, 0x61, 0x69, 0x72,
    0x2e, 0x73, 0x6e, 0x64, 0x29, 0x20, 0x75, 0x2e, 0x74, 0x61, 0x67, 0x73, 0x29, 0x2e, 0x73, 0x75,
    0x6d, 0x22, 0x2c, 0x0a, 0x20, 0x20, 0x20, 0x20, 0x20, 0x20, 0x22, 0x70, 0x61, 0x63, 0x6b, 0x61,
    0x67, 0x65, 0x22, 0x3a, 0x20, 0x22, 0x74, 0x61, 0x67, 0x67, 0x65, 0x64, 0x5f, 0x75, 0x72, 0x6e,
    0x5f, 0x66, 0x6f, 0x72, 0x6d, 0x61, 0x6c, 0x22, 0x2c, 0x0a, 0x20, 0x20, 0x20, 0x20, 0x20, 0x20,
    0x22, 0x66, 0x69, 0x6e, 0x67, 0x65, 0x72, 0x70, 0x72, 0x69, 0x6e, 0x74, 0x22, 0x3a, 0x20, 0x22,
    0x37, 0x37, 0x37, 0x36, 0x61, 0x66, 0x64, 0x36, 0x61, 0x64, 0x31, 0x33, 0x38, 0x30, 0x38, 0x39,
    0x36, 0x65, 0x36, 0x62, 0x30, 0x62, 0x33, 0x66, 0x61, 0x39, 0x38, 0x37, 0x37, 0x32, 0x35, 0x31,
    0x36, 0x35, 0x36, 0x65, 0x65, 0x35, 0x37, 0x39, 0x61, 0x61, 0x39, 0x61, 0x35, 0x32, 0x66, 0x65,
    0x39, 0x37, 0x66, 0x65, 0x63, 0x39, 0x31, 0x65, 0x66, 0x63, 0x35, 0x30, 0x38, 0x65, 0x64, 0x66,
    0x22, 0x2c, 0x0a, 0x20, 0x20, 0x20, 0x20, 0x20, 0x20, 0x22, 0x73, 0x6f, 0x75, 0x72, 0x63, 0x65,
    0x22, 0x3a, 0x20, 0x7b, 0x0a, 0x20, 0x20, 0x20, 0x20, 0x20, 0x20, 0x20, 0x20, 0x22, 0x70, 0x61,
    0x63, 0x6b, 0x61, 0x67, 0x65, 0x22, 0x3a, 0x20, 0x22, 0x74, 0x61, 0x67, 0x67, 0x65, 0x64, 0x5f,
    0x75, 0x72, 0x6e, 0x5f, 0x66, 0x6f, 0x72, 0x6d, 0x61, 0x6c, 0x22, 0x2c, 0x0a, 0x20, 0x20, 0x20,
    0x20, 0x20, 0x20, 0x20, 0x20, 0x22, 0x66, 0x69, 0x6c, 0x65, 0x22, 0x3a, 0x20, 0x22, 0x54, 0x61,
    0x67, 0x67, 0x65, 0x64, 0x55, 0x72, 0x6e, 0x2f, 0x55, 0x72, 0x6e, 0x2e, 0x6c, 0x65, 0x61, 0x6e,
    0x22, 0x2c, 0x0a, 0x20, 0x20, 0x20, 0x20, 0x20, 0x20, 0x20, 0x20, 0x22, 0x73, 0x74, 0x61, 0x72,
    0x74, 0x22, 0x3a, 0x20, 0x7b, 0x0a, 0x20, 0x20, 0x20, 0x20, 0x20, 0x20, 0x20, 0x20, 0x20, 0x20,
    0x22, 0x6c, 0x69, 0x6e, 0x65, 0x22, 0x3a, 0x20, 0x33, 0x30, 0x38, 0x2c, 0x0a, 0x20, 0x20, 0x20,
    0x20, 0x20, 0x20, 0x20, 0x20, 0x20, 0x20, 0x22, 0x63, 0x6f, 0x6c, 0x75, 0x6d, 0x6e, 0x22, 0x3a,
    0x20, 0x31, 0x0a, 0x20, 0x20, 0x20, 0x20, 0x20, 0x20, 0x20, 0x20, 0x7d, 0x2c, 0x0a, 0x20, 0x20,
    0x20, 0x20, 0x20, 0x20, 0x20, 0x20, 0x22, 0x65, 0x6e, 0x64, 0x22, 0x3a, 0x20, 0x7b, 0x0a, 0x20,
    0x20, 0x20, 0x20, 0x20, 0x20, 0x20, 0x20, 0x20, 0x20, 0x22, 0x6c, 0x69, 0x6e, 0x65, 0x22, 0x3a,
    0x20, 0x33, 0x31, 0x31, 0x2c, 0x0a, 0x20, 0x20, 0x20, 0x20, 0x20, 0x20, 0x20, 0x20, 0x20, 0x20,
    0x22, 0x63, 0x6f, 0x6c, 0x75, 0x6d, 0x6e, 0x22, 0x3a, 0x20, 0x34, 0x39, 0x0a, 0x20, 0x20, 0x20,
    0x20, 0x20, 0x20, 0x20, 0x20, 0x7d, 0x0a, 0x20, 0x20, 0x20, 0x20, 0x20, 0x20, 0x7d, 0x0a, 0x20,
    0x20, 0x20, 0x20, 0x7d, 0x0a, 0x20, 0x20, 0x5d, 0x2c, 0x0a, 0x20, 0x20, 0x22, 0x66, 0x61, 0x63,
    0x69, 0x6c, 0x69, 0x74, 0x69, 0x65, 0x73, 0x22, 0x3a, 0x20, 0x5b, 0x5d, 0x2c, 0x0a, 0x20, 0x20,
    0x22, 0x61, 0x73, 0x73, 0x75, 0x6d, 0x70, 0x74, 0x69, 0x6f, 0x6e, 0x73, 0x22, 0x3a, 0x20, 0x5b,
    0x5d, 0x2c, 0x0a, 0x20, 0x20, 0x22, 0x63, 0x6c, 0x61, 0x69, 0x6d, 0x73, 0x22, 0x3a, 0x20, 0x5b,
    0x0a, 0x20, 0x20, 0x20, 0x20, 0x7b, 0x0a, 0x20, 0x20, 0x20, 0x20, 0x20, 0x20, 0x22, 0x6e, 0x61,
    0x6d, 0x65, 0x22, 0x3a, 0x20, 0x22, 0x54, 0x61, 0x67, 0x67, 0x65, 0x64, 0x55, 0x72, 0x6e, 0x2e,
    0x45, 0x78, 0x65, 0x63, 0x2e, 0x63, 0x6f, 0x6d, 0x70, 0x61, 0x72, 0x61, 0x62, 0x6c, 0x65, 0x5f,
    0x64, 0x65, 0x63, 0x69, 0x64, 0x65, 0x73, 0x22, 0x2c, 0x0a, 0x20, 0x20, 0x20, 0x20, 0x20, 0x20,
    0x22, 0x72, 0x65, 0x6c, 0x61, 0x74, 0x69, 0x6f, 0x6e, 0x22, 0x3a, 0x20, 0x22, 0x6c, 0x75, 0x6e,
    0x67, 0x6f, 0x2e, 0x64, 0x65, 0x63, 0x69, 0x64, 0x65, 0x73, 0x22, 0x2c, 0x0a, 0x20, 0x20, 0x20,
    0x20, 0x20, 0x20, 0x22, 0x73, 0x75, 0x62, 0x6a, 0x65, 0x63, 0x74, 0x73, 0x22, 0x3a, 0x20, 0x5b,
    0x0a, 0x20, 0x20, 0x20, 0x20, 0x20, 0x20, 0x20, 0x20, 0x22, 0x54, 0x61, 0x67, 0x67, 0x65, 0x64,
    0x55, 0x72, 0x6e, 0x2e, 0x45, 0x78, 0x65, 0x63, 0x2e, 0x63, 0x6f, 0x6d, 0x70, 0x61, 0x72, 0x61,
    0x62, 0x6c, 0x65, 0x22, 0x0a, 0x20, 0x20, 0x20, 0x20, 0x20, 0x20, 0x5d, 0x2c, 0x0a, 0x20, 0x20,
    0x20, 0x20, 0x20, 0x20, 0x22, 0x73, 0x70, 0x65, 0x63, 0x69, 0x66, 0x69, 0x63, 0x61, 0x74, 0x69,
    0x6f, 0x6e, 0x73, 0x22, 0x3a, 0x20, 0x5b, 0x0a, 0x20, 0x20, 0x20, 0x20, 0x20, 0x20, 0x20, 0x20,
    0x22, 0x54, 0x61, 0x67, 0x67, 0x65, 0x64, 0x55, 0x72, 0x6e, 0x2e, 0x63, 0x6f, 0x6d, 0x70, 0x61,
    0x72, 0x61, 0x62, 0x6c, 0x65, 0x22, 0x0a, 0x20, 0x20, 0x20, 0x20, 0x20, 0x20, 0x5d, 0x2c, 0x0a,
    0x20, 0x20, 0x20, 0x20, 0x20, 0x20, 0x22, 0x73, 0x74, 0x61, 0x74, 0x65, 0x6d, 0x65, 0x6e, 0x74,
    0x22, 0x3a, 0x20, 0x22, 0xe2, 0x88, 0x80, 0x20, 0x28, 0x61, 0x20, 0x62, 0x20, 0x3a, 0x20, 0x54,
    0x61, 0x67, 0x67, 0x65, 0x64, 0x55, 0x72, 0x6e, 0x2e, 0x45, 0x78, 0x65, 0x63, 0x2e, 0x57, 0x66,
    0x29, 0x2c, 0x20, 0x54, 0x61, 0x67, 0x67, 0x65, 0x64, 0x55, 0x72, 0x6e, 0x2e, 0x45, 0x78, 0x65,
    0x63, 0x2e, 0x63, 0x6f, 0x6d, 0x70, 0x61, 0x72, 0x61, 0x62, 0x6c, 0x65, 0x20, 0x61, 0x20, 0x62,
    0x20, 0x3d, 0x20, 0x74, 0x72, 0x75, 0x65, 0x20, 0xe2, 0x86, 0x94, 0x20, 0x54, 0x61, 0x67, 0x67,
    0x65, 0x64, 0x55, 0x72, 0x6e, 0x2e, 0x63, 0x6f, 0x6d, 0x70, 0x61, 0x72, 0x61, 0x62, 0x6c, 0x65,
    0x20, 0x61, 0x2e, 0x75, 0x72, 0x6e, 0x20, 0x62, 0x2e, 0x75, 0x72, 0x6e, 0x22, 0x2c, 0x0a, 0x20,
    0x20, 0x20, 0x20, 0x20, 0x20, 0x22, 0x73, 0x74, 0x61, 0x74, 0x75, 0x73, 0x22, 0x3a, 0x20, 0x22,
    0x70, 0x72, 0x6f, 0x76, 0x65, 0x64, 0x22, 0x2c, 0x0a, 0x20, 0x20, 0x20, 0x20, 0x20, 0x20, 0x22,
    0x65, 0x76, 0x69, 0x64, 0x65, 0x6e, 0x63, 0x65, 0x5f, 0x74, 0x72, 0x75, 0x73, 0x74, 0x22, 0x3a,
    0x20, 0x7b, 0x0a, 0x20, 0x20, 0x20, 0x20, 0x20, 0x20, 0x20, 0x20, 0x22, 0x61, 0x78, 0x69, 0x6f,
    0x6d, 0x73, 0x22, 0x3a, 0x20, 0x5b, 0x0a, 0x20, 0x20, 0x20, 0x20, 0x20, 0x20, 0x20, 0x20, 0x20,
    0x20, 0x22, 0x43, 0x6c, 0x61, 0x73, 0x73, 0x69, 0x63, 0x61, 0x6c, 0x2e, 0x63, 0x68, 0x6f, 0x69,
    0x63, 0x65, 0x22, 0x2c, 0x0a, 0x20, 0x20, 0x20, 0x20, 0x20, 0x20, 0x20, 0x20, 0x20, 0x20, 0x22,
    0x51, 0x75, 0x6f, 0x74, 0x2e, 0x73, 0x6f, 0x75, 0x6e, 0x64, 0x22, 0x2c, 0x0a, 0x20, 0x20, 0x20,
    0x20, 0x20, 0x20, 0x20, 0x20, 0x20, 0x20, 0x22, 0x70, 0x72, 0x6f, 0x70, 0x65, 0x78, 0x74, 0x22,
    0x0a, 0x20, 0x20, 0x20, 0x20, 0x20, 0x20, 0x20, 0x20, 0x5d, 0x2c, 0x0a, 0x20, 0x20, 0x20, 0x20,
    0x20, 0x20, 0x20, 0x20, 0x22, 0x64, 0x65, 0x70, 0x65, 0x6e, 0x64, 0x73, 0x5f, 0x6f, 0x6e, 0x5f,
    0x73, 0x6f, 0x72, 0x72, 0x79, 0x22, 0x3a, 0x20, 0x66, 0x61, 0x6c, 0x73, 0x65, 0x0a, 0x20, 0x20,
    0x20, 0x20, 0x20, 0x20, 0x7d, 0x2c, 0x0a, 0x20, 0x20, 0x20, 0x20, 0x20, 0x20, 0x22, 0x61, 0x73,
    0x73, 0x75, 0x6d, 0x70, 0x74, 0x69, 0x6f, 0x6e, 0x73, 0x22, 0x3a, 0x20, 0x5b, 0x5d, 0x2c, 0x0a,
    0x20, 0x20, 0x20, 0x20, 0x20, 0x20, 0x22, 0x70, 0x61, 0x63, 0x6b, 0x61, 0x67, 0x65, 0x22, 0x3a,
    0x20, 0x22, 0x74, 0x61, 0x67, 0x67, 0x65, 0x64, 0x5f, 0x75, 0x72, 0x6e, 0x5f, 0x66, 0x6f, 0x72,
    0x6d, 0x61, 0x6c, 0x22, 0x2c, 0x0a, 0x20, 0x20, 0x20, 0x20, 0x20, 0x20, 0x22, 0x66, 0x69, 0x6e,
    0x67, 0x65, 0x72, 0x70, 0x72, 0x69, 0x6e, 0x74, 0x22, 0x3a, 0x20, 0x22, 0x63, 0x61, 0x36, 0x61,
    0x35, 0x31, 0x34, 0x35, 0x37, 0x30, 0x61, 0x33, 0x37, 0x37, 0x33, 0x63, 0x37, 0x63, 0x32, 0x31,
    0x39, 0x66, 0x63, 0x62, 0x61, 0x62, 0x36, 0x35, 0x30, 0x37, 0x30, 0x35, 0x62, 0x38, 0x65, 0x63,
    0x33, 0x32, 0x30, 0x39, 0x63, 0x64, 0x66, 0x32, 0x37, 0x34, 0x37, 0x62, 0x63, 0x35, 0x64, 0x31,
    0x61, 0x32, 0x34, 0x37, 0x64, 0x35, 0x34, 0x39, 0x66, 0x34, 0x34, 0x31, 0x22, 0x2c, 0x0a, 0x20,
    0x20, 0x20, 0x20, 0x20, 0x20, 0x22, 0x73, 0x6f, 0x75, 0x72, 0x63, 0x65, 0x22, 0x3a, 0x20, 0x7b,
    0x0a, 0x20, 0x20, 0x20, 0x20, 0x20, 0x20, 0x20, 0x20, 0x22, 0x70, 0x61, 0x63, 0x6b, 0x61, 0x67,
    0x65, 0x22, 0x3a, 0x20, 0x22, 0x74, 0x61, 0x67, 0x67, 0x65, 0x64, 0x5f, 0x75, 0x72, 0x6e, 0x5f,
    0x66, 0x6f, 0x72, 0x6d, 0x61, 0x6c, 0x22, 0x2c, 0x0a, 0x20, 0x20, 0x20, 0x20, 0x20, 0x20, 0x20,
    0x20, 0x22, 0x66, 0x69, 0x6c, 0x65, 0x22, 0x3a, 0x20, 0x22, 0x54, 0x61, 0x67, 0x67, 0x65, 0x64,
    0x55, 0x72, 0x6e, 0x2f, 0x45, 0x78, 0x65, 0x63, 0x2e, 0x6c, 0x65, 0x61, 0x6e, 0x22, 0x2c, 0x0a,
    0x20, 0x20, 0x20, 0x20, 0x20, 0x20, 0x20, 0x20, 0x22, 0x73, 0x74, 0x61, 0x72, 0x74, 0x22, 0x3a,
    0x20, 0x7b, 0x0a, 0x20, 0x20, 0x20, 0x20, 0x20, 0x20, 0x20, 0x20, 0x20, 0x20, 0x22, 0x6c, 0x69,
    0x6e, 0x65, 0x22, 0x3a, 0x20, 0x36, 0x33, 0x2c, 0x0a, 0x20, 0x20, 0x20, 0x20, 0x20, 0x20, 0x20,
    0x20, 0x20, 0x20, 0x22, 0x63, 0x6f, 0x6c, 0x75, 0x6d, 0x6e, 0x22, 0x3a, 0x20, 0x31, 0x0a, 0x20,
    0x20, 0x20, 0x20, 0x20, 0x20, 0x20, 0x20, 0x7d, 0x2c, 0x0a, 0x20, 0x20, 0x20, 0x20, 0x20, 0x20,
    0x20, 0x20, 0x22, 0x65, 0x6e, 0x64, 0x22, 0x3a, 0x20, 0x7b, 0x0a, 0x20, 0x20, 0x20, 0x20, 0x20,
    0x20, 0x20, 0x20, 0x20, 0x20, 0x22, 0x6c, 0x69, 0x6e, 0x65, 0x22, 0x3a, 0x20, 0x36, 0x36, 0x2c,
    0x0a, 0x20, 0x20, 0x20, 0x20, 0x20, 0x20, 0x20, 0x20, 0x20, 0x20, 0x22, 0x63, 0x6f, 0x6c, 0x75,
    0x6d, 0x6e, 0x22, 0x3a, 0x20, 0x37, 0x34, 0x0a, 0x20, 0x20, 0x20, 0x20, 0x20, 0x20, 0x20, 0x20,
    0x7d, 0x0a, 0x20, 0x20, 0x20, 0x20, 0x20, 0x20, 0x7d, 0x0a, 0x20, 0x20, 0x20, 0x20, 0x7d, 0x2c,
    0x0a, 0x20, 0x20, 0x20, 0x20, 0x7b, 0x0a, 0x20, 0x20, 0x20, 0x20, 0x20, 0x20, 0x22, 0x6e, 0x61,
    0x6d, 0x65, 0x22, 0x3a, 0x20, 0x22, 0x54, 0x61, 0x67, 0x67, 0x65, 0x64, 0x55, 0x72, 0x6e, 0x2e,
    0x45, 0x78, 0x65, 0x63, 0x2e, 0x65, 0x71, 0x75, 0x69, 0x76, 0x61, 0x6c, 0x65, 0x6e, 0x74, 0x5f,
    0x64, 0x65, 0x63, 0x69, 0x64, 0x65, 0x73, 0x22, 0x2c, 0x0a, 0x20, 0x20, 0x20, 0x20, 0x20, 0x20,
    0x22, 0x72, 0x65, 0x6c, 0x61, 0x74, 0x69, 0x6f, 0x6e, 0x22, 0x3a, 0x20, 0x22, 0x6c, 0x75, 0x6e,
    0x67, 0x6f, 0x2e, 0x64, 0x65, 0x63, 0x69, 0x64, 0x65, 0x73, 0x22, 0x2c, 0x0a, 0x20, 0x20, 0x20,
    0x20, 0x20, 0x20, 0x22, 0x73, 0x75, 0x62, 0x6a, 0x65, 0x63, 0x74, 0x73, 0x22, 0x3a, 0x20, 0x5b,
    0x0a, 0x20, 0x20, 0x20, 0x20, 0x20, 0x20, 0x20, 0x20, 0x22, 0x54, 0x61, 0x67, 0x67, 0x65, 0x64,
    0x55, 0x72, 0x6e, 0x2e, 0x45, 0x78, 0x65, 0x63, 0x2e, 0x65, 0x71, 0x75, 0x69, 0x76, 0x61, 0x6c,
    0x65, 0x6e, 0x74, 0x22, 0x0a, 0x20, 0x20, 0x20, 0x20, 0x20, 0x20, 0x5d, 0x2c, 0x0a, 0x20, 0x20,
    0x20, 0x20, 0x20, 0x20, 0x22, 0x73, 0x70, 0x65, 0x63, 0x69, 0x66, 0x69, 0x63, 0x61, 0x74, 0x69,
    0x6f, 0x6e, 0x73, 0x22, 0x3a, 0x20, 0x5b, 0x0a, 0x20, 0x20, 0x20, 0x20, 0x20, 0x20, 0x20, 0x20,
    0x22, 0x54, 0x61, 0x67, 0x67, 0x65, 0x64, 0x55, 0x72, 0x6e, 0x2e, 0x65, 0x71, 0x75, 0x69, 0x76,
    0x61, 0x6c, 0x65, 0x6e, 0x74, 0x22, 0x0a, 0x20, 0x20, 0x20, 0x20, 0x20, 0x20, 0x5d, 0x2c, 0x0a,
    0x20, 0x20, 0x20, 0x20, 0x20, 0x20, 0x22, 0x73, 0x74, 0x61, 0x74, 0x65, 0x6d, 0x65, 0x6e, 0x74,
    0x22, 0x3a, 0x20, 0x22, 0xe2, 0x88, 0x80, 0x20, 0x28, 0x61, 0x20, 0x62, 0x20, 0x3a, 0x20, 0x54,
    0x61, 0x67, 0x67, 0x65, 0x64, 0x55, 0x72, 0x6e, 0x2e, 0x45, 0x78, 0x65, 0x63, 0x2e, 0x57, 0x66,
    0x29, 0x2c, 0x20, 0x54, 0x61, 0x67, 0x67, 0x65, 0x64, 0x55, 0x72, 0x6e, 0x2e, 0x45, 0x78, 0x65,
    0x63, 0x2e, 0x65, 0x71, 0x75, 0x69, 0x76, 0x61, 0x6c, 0x65, 0x6e, 0x74, 0x20, 0x61, 0x20, 0x62,
    0x20, 0x3d, 0x20, 0x74, 0x72, 0x75, 0x65, 0x20, 0xe2, 0x86, 0x94, 0x20, 0x54, 0x61, 0x67, 0x67,
    0x65, 0x64, 0x55, 0x72, 0x6e, 0x2e, 0x65, 0x71, 0x75, 0x69, 0x76, 0x61, 0x6c, 0x65, 0x6e, 0x74,
    0x20, 0x61, 0x2e, 0x75, 0x72, 0x6e, 0x20, 0x62, 0x2e, 0x75, 0x72, 0x6e, 0x22, 0x2c, 0x0a, 0x20,
    0x20, 0x20, 0x20, 0x20, 0x20, 0x22, 0x73, 0x74, 0x61, 0x74, 0x75, 0x73, 0x22, 0x3a, 0x20, 0x22,
    0x70, 0x72, 0x6f, 0x76, 0x65, 0x64, 0x22, 0x2c, 0x0a, 0x20, 0x20, 0x20, 0x20, 0x20, 0x20, 0x22,
    0x65, 0x76, 0x69, 0x64, 0x65, 0x6e, 0x63, 0x65, 0x5f, 0x74, 0x72, 0x75, 0x73, 0x74, 0x22, 0x3a,
    0x20, 0x7b, 0x0a, 0x20, 0x20, 0x20, 0x20, 0x20, 0x20, 0x20, 0x20, 0x22, 0x61, 0x78, 0x69, 0x6f,
    0x6d, 0x73, 0x22, 0x3a, 0x20, 0x5b, 0x0a, 0x20, 0x20, 0x20, 0x20, 0x20, 0x20, 0x20, 0x20, 0x20,
    0x20, 0x22, 0x43, 0x6c, 0x61, 0x73, 0x73, 0x69, 0x63, 0x61, 0x6c, 0x2e, 0x63, 0x68, 0x6f, 0x69,
    0x63, 0x65, 0x22, 0x2c, 0x0a, 0x20, 0x20, 0x20, 0x20, 0x20, 0x20, 0x20, 0x20, 0x20, 0x20, 0x22,
    0x51, 0x75, 0x6f, 0x74, 0x2e, 0x73, 0x6f, 0x75, 0x6e, 0x64, 0x22, 0x2c, 0x0a, 0x20, 0x20, 0x20,
    0x20, 0x20, 0x20, 0x20, 0x20, 0x20, 0x20, 0x22, 0x70, 0x72, 0x6f, 0x70, 0x65, 0x78, 0x74, 0x22,
    0x0a, 0x20, 0x20, 0x20, 0x20, 0x20, 0x20, 0x20, 0x20, 0x5d, 0x2c, 0x0a, 0x20, 0x20, 0x20, 0x20,
    0x20, 0x20, 0x20, 0x20, 0x22, 0x64, 0x65, 0x70, 0x65, 0x6e, 0x64, 0x73, 0x5f, 0x6f, 0x6e, 0x5f,
    0x73, 0x6f, 0x72, 0x72, 0x79, 0x22, 0x3a, 0x20, 0x66, 0x61, 0x6c, 0x73, 0x65, 0x0a, 0x20, 0x20,
    0x20, 0x20, 0x20, 0x20, 0x7d, 0x2c, 0x0a, 0x20, 0x20, 0x20, 0x20, 0x20, 0x20, 0x22, 0x61, 0x73,
    0x73, 0x75, 0x6d, 0x70, 0x74, 0x69, 0x6f, 0x6e, 0x73, 0x22, 0x3a, 0x20, 0x5b, 0x5d, 0x2c, 0x0a,
    0x20, 0x20, 0x20, 0x20, 0x20, 0x20, 0x22, 0x70, 0x61, 0x63, 0x6b, 0x61, 0x67, 0x65, 0x22, 0x3a,
    0x20, 0x22, 0x74, 0x61, 0x67, 0x67, 0x65, 0x64, 0x5f, 0x75, 0x72, 0x6e, 0x5f, 0x66, 0x6f, 0x72,
    0x6d, 0x61, 0x6c, 0x22, 0x2c, 0x0a, 0x20, 0x20, 0x20, 0x20, 0x20, 0x20, 0x22, 0x66, 0x69, 0x6e,
    0x67, 0x65, 0x72, 0x70, 0x72, 0x69, 0x6e, 0x74, 0x22, 0x3a, 0x20, 0x22, 0x64, 0x66, 0x35, 0x63,
    0x32, 0x65, 0x63, 0x39, 0x66, 0x32, 0x31, 0x65, 0x36, 0x65, 0x32, 0x65, 0x39, 0x39, 0x34, 0x64,
    0x37, 0x66, 0x37, 0x35, 0x34, 0x64, 0x30, 0x36, 0x38, 0x32, 0x62, 0x36, 0x35, 0x35, 0x32, 0x63,
    0x33, 0x34, 0x65, 0x63, 0x30, 0x62, 0x39, 0x31, 0x65, 0x62, 0x33, 0x33, 0x34, 0x30, 0x36, 0x37,
    0x35, 0x31, 0x37, 0x37, 0x66, 0x62, 0x35, 0x31, 0x61, 0x64, 0x64, 0x32, 0x22, 0x2c, 0x0a, 0x20,
    0x20, 0x20, 0x20, 0x20, 0x20, 0x22, 0x73, 0x6f, 0x75, 0x72, 0x63, 0x65, 0x22, 0x3a, 0x20, 0x7b,
    0x0a, 0x20, 0x20, 0x20, 0x20, 0x20, 0x20, 0x20, 0x20, 0x22, 0x70, 0x61, 0x63, 0x6b, 0x61, 0x67,
    0x65, 0x22, 0x3a, 0x20, 0x22, 0x74, 0x61, 0x67, 0x67, 0x65, 0x64, 0x5f, 0x75, 0x72, 0x6e, 0x5f,
    0x66, 0x6f, 0x72, 0x6d, 0x61, 0x6c, 0x22, 0x2c, 0x0a, 0x20, 0x20, 0x20, 0x20, 0x20, 0x20, 0x20,
    0x20, 0x22, 0x66, 0x69, 0x6c, 0x65, 0x22, 0x3a, 0x20, 0x22, 0x54, 0x61, 0x67, 0x67, 0x65, 0x64,
    0x55, 0x72, 0x6e, 0x2f, 0x45, 0x78, 0x65, 0x63, 0x2e, 0x6c, 0x65, 0x61, 0x6e, 0x22, 0x2c, 0x0a,
    0x20, 0x20, 0x20, 0x20, 0x20, 0x20, 0x20, 0x20, 0x22, 0x73, 0x74, 0x61, 0x72, 0x74, 0x22, 0x3a,
    0x20, 0x7b, 0x0a, 0x20, 0x20, 0x20, 0x20, 0x20, 0x20, 0x20, 0x20, 0x20, 0x20, 0x22, 0x6c, 0x69,
    0x6e, 0x65, 0x22, 0x3a, 0x20, 0x35, 0x36, 0x2c, 0x0a, 0x20, 0x20, 0x20, 0x20, 0x20, 0x20, 0x20,
    0x20, 0x20, 0x20, 0x22, 0x63, 0x6f, 0x6c, 0x75, 0x6d, 0x6e, 0x22, 0x3a, 0x20, 0x31, 0x0a, 0x20,
    0x20, 0x20, 0x20, 0x20, 0x20, 0x20, 0x20, 0x7d, 0x2c, 0x0a, 0x20, 0x20, 0x20, 0x20, 0x20, 0x20,
    0x20, 0x20, 0x22, 0x65, 0x6e, 0x64, 0x22, 0x3a, 0x20, 0x7b, 0x0a, 0x20, 0x20, 0x20, 0x20, 0x20,
    0x20, 0x20, 0x20, 0x20, 0x20, 0x22, 0x6c, 0x69, 0x6e, 0x65, 0x22, 0x3a, 0x20, 0x35, 0x39, 0x2c,
    0x0a, 0x20, 0x20, 0x20, 0x20, 0x20, 0x20, 0x20, 0x20, 0x20, 0x20, 0x22, 0x63, 0x6f, 0x6c, 0x75,
    0x6d, 0x6e, 0x22, 0x3a, 0x20, 0x37, 0x35, 0x0a, 0x20, 0x20, 0x20, 0x20, 0x20, 0x20, 0x20, 0x20,
    0x7d, 0x0a, 0x20, 0x20, 0x20, 0x20, 0x20, 0x20, 0x7d, 0x0a, 0x20, 0x20, 0x20, 0x20, 0x7d, 0x2c,
    0x0a, 0x20, 0x20, 0x20, 0x20, 0x7b, 0x0a, 0x20, 0x20, 0x20, 0x20, 0x20, 0x20, 0x22, 0x6e, 0x61,
    0x6d, 0x65, 0x22, 0x3a, 0x20, 0x22, 0x54, 0x61, 0x67, 0x67, 0x65, 0x64, 0x55, 0x72, 0x6e, 0x2e,
    0x45, 0x78, 0x65, 0x63, 0x2e, 0x6d, 0x61, 0x6b, 0x65, 0x5f, 0x69, 0x73, 0x53, 0x6f, 0x6d, 0x65,
    0x5f, 0x69, 0x66, 0x66, 0x22, 0x2c, 0x0a, 0x20, 0x20, 0x20, 0x20, 0x20, 0x20, 0x22, 0x72, 0x65,
    0x6c, 0x61, 0x74, 0x69, 0x6f, 0x6e, 0x22, 0x3a, 0x20, 0x22, 0x6c, 0x75, 0x6e, 0x67, 0x6f, 0x2e,
    0x6c, 0x61, 0x77, 0x22, 0x2c, 0x0a, 0x20, 0x20, 0x20, 0x20, 0x20, 0x20, 0x22, 0x73, 0x75, 0x62,
    0x6a, 0x65, 0x63, 0x74, 0x73, 0x22, 0x3a, 0x20, 0x5b, 0x0a, 0x20, 0x20, 0x20, 0x20, 0x20, 0x20,
    0x20, 0x20, 0x22, 0x54, 0x61, 0x67, 0x67, 0x65, 0x64, 0x55, 0x72, 0x6e, 0x2e, 0x45, 0x78, 0x65,
    0x63, 0x2e, 0x6d, 0x61, 0x6b, 0x65, 0x22, 0x0a, 0x20, 0x20, 0x20, 0x20, 0x20, 0x20, 0x5d, 0x2c,
    0x0a, 0x20, 0x20, 0x20, 0x20, 0x20, 0x20, 0x22, 0x73, 0x70, 0x65, 0x63, 0x69, 0x66, 0x69, 0x63,
    0x61, 0x74, 0x69, 0x6f, 0x6e, 0x73, 0x22, 0x3a, 0x20, 0x5b, 0x5d, 0x2c, 0x0a, 0x20, 0x20, 0x20,
    0x20, 0x20, 0x20, 0x22, 0x73, 0x74, 0x61, 0x74, 0x65, 0x6d, 0x65, 0x6e, 0x74, 0x22, 0x3a, 0x20,
    0x22, 0xe2, 0x88, 0x80, 0x20, 0x7b, 0x73, 0x63, 0x68, 0x65, 0x6d, 0x65, 0x20, 0x3a, 0x20, 0x53,
    0x74, 0x72, 0x69, 0x6e, 0x67, 0x7d, 0x20, 0x7b, 0x74, 0x61, 0x67, 0x73, 0x20, 0x3a, 0x20, 0x4c,
    0x69, 0x73, 0x74, 0x20, 0x28, 0x53, 0x74, 0x72, 0x69, 0x6e, 0x67, 0x20, 0xc3, 0x97, 0x20, 0x54,
    0x61, 0x67, 0x67, 0x65, 0x64, 0x55, 0x72, 0x6e, 0x2e, 0x43, 0x6f, 0x6e, 0x73, 0x74, 0x72, 0x61,
    0x69, 0x6e, 0x74, 0x29, 0x7d, 0x2c, 0x5c, 0x6e, 0x20, 0x20, 0x28, 0x54, 0x61, 0x67, 0x67, 0x65,
    0x64, 0x55, 0x72, 0x6e, 0x2e, 0x45, 0x78, 0x65, 0x63, 0x2e, 0x6d, 0x61, 0x6b, 0x65, 0x20, 0x73,
    0x63, 0x68, 0x65, 0x6d, 0x65, 0x20, 0x74, 0x61, 0x67, 0x73, 0x29, 0x2e, 0x69, 0x73, 0x53, 0x6f,
    0x6d, 0x65, 0x20, 0x3d, 0x20, 0x74, 0x72, 0x75, 0x65, 0x20, 0xe2, 0x86, 0x94, 0x20, 0x54, 0x61,
    0x67, 0x67, 0x65, 0x64, 0x55, 0x72, 0x6e, 0x2e, 0x53, 0x6f, 0x72, 0x74, 0x65, 0x64, 0x20, 0x74,
    0x61, 0x67, 0x73, 0x22, 0x2c, 0x0a, 0x20, 0x20, 0x20, 0x20, 0x20, 0x20, 0x22, 0x73, 0x74, 0x61,
    0x74, 0x75, 0x73, 0x22, 0x3a, 0x20, 0x22, 0x70, 0x72, 0x6f, 0x76, 0x65, 0x64, 0x22, 0x2c, 0x0a,
    0x20, 0x20, 0x20, 0x20, 0x20, 0x20, 0x22, 0x65, 0x76, 0x69, 0x64, 0x65, 0x6e, 0x63, 0x65, 0x5f,
    0x74, 0x72, 0x75, 0x73, 0x74, 0x22, 0x3a, 0x20, 0x7b, 0x0a, 0x20, 0x20, 0x20, 0x20, 0x20, 0x20,
    0x20, 0x20, 0x22, 0x61, 0x78, 0x69, 0x6f, 0x6d, 0x73, 0x22, 0x3a, 0x20, 0x5b, 0x0a, 0x20, 0x20,
    0x20, 0x20, 0x20, 0x20, 0x20, 0x20, 0x20, 0x20, 0x22, 0x43, 0x6c, 0x61, 0x73, 0x73, 0x69, 0x63,
    0x61, 0x6c, 0x2e, 0x63, 0x68, 0x6f, 0x69, 0x63, 0x65, 0x22, 0x2c, 0x0a, 0x20, 0x20, 0x20, 0x20,
    0x20, 0x20, 0x20, 0x20, 0x20, 0x20, 0x22, 0x51, 0x75, 0x6f, 0x74, 0x2e, 0x73, 0x6f, 0x75, 0x6e,
    0x64, 0x22, 0x2c, 0x0a, 0x20, 0x20, 0x20, 0x20, 0x20, 0x20, 0x20, 0x20, 0x20, 0x20, 0x22, 0x70,
    0x72, 0x6f, 0x70, 0x65, 0x78, 0x74, 0x22, 0x0a, 0x20, 0x20, 0x20, 0x20, 0x20, 0x20, 0x20, 0x20,
    0x5d, 0x2c, 0x0a, 0x20, 0x20, 0x20, 0x20, 0x20, 0x20, 0x20, 0x20, 0x22, 0x64, 0x65, 0x70, 0x65,
    0x6e, 0x64, 0x73, 0x5f, 0x6f, 0x6e, 0x5f, 0x73, 0x6f, 0x72, 0x72, 0x79, 0x22, 0x3a, 0x20, 0x66,
    0x61, 0x6c, 0x73, 0x65, 0x0a, 0x20, 0x20, 0x20, 0x20, 0x20, 0x20, 0x7d, 0x2c, 0x0a, 0x20, 0x20,
    0x20, 0x20, 0x20, 0x20, 0x22, 0x61, 0x73, 0x73, 0x75, 0x6d, 0x70, 0x74, 0x69, 0x6f, 0x6e, 0x73,
    0x22, 0x3a, 0x20, 0x5b, 0x5d, 0x2c, 0x0a, 0x20, 0x20, 0x20, 0x20, 0x20, 0x20, 0x22, 0x70, 0x61,
    0x63, 0x6b, 0x61, 0x67, 0x65, 0x22, 0x3a, 0x20, 0x22, 0x74, 0x61, 0x67, 0x67, 0x65, 0x64, 0x5f,
    0x75, 0x72, 0x6e, 0x5f, 0x66, 0x6f, 0x72, 0x6d, 0x61, 0x6c, 0x22, 0x2c, 0x0a, 0x20, 0x20, 0x20,
    0x20, 0x20, 0x20, 0x22, 0x66, 0x69, 0x6e, 0x67, 0x65, 0x72, 0x70, 0x72, 0x69, 0x6e, 0x74, 0x22,
    0x3a, 0x20, 0x22, 0x33, 0x64, 0x36, 0x62, 0x65, 0x36, 0x30, 0x31, 0x66, 0x30, 0x32, 0x33, 0x30,
    0x62, 0x35, 0x33, 0x64, 0x37, 0x37, 0x65, 0x36, 0x62, 0x39, 0x32, 0x36, 0x38, 0x65, 0x36, 0x30,
    0x33, 0x39, 0x61, 0x32, 0x37, 0x39, 0x63, 0x39, 0x30, 0x39, 0x64, 0x34, 0x38, 0x34, 0x37, 0x62,
    0x36, 0x37, 0x61, 0x38, 0x30, 0x33, 0x34, 0x39, 0x61, 0x33, 0x36, 0x39, 0x63, 0x36, 0x35, 0x31,
    0x31, 0x30, 0x32, 0x22, 0x2c, 0x0a, 0x20, 0x20, 0x20, 0x20, 0x20, 0x20, 0x22, 0x73, 0x6f, 0x75,
    0x72, 0x63, 0x65, 0x22, 0x3a, 0x20, 0x7b, 0x0a, 0x20, 0x20, 0x20, 0x20, 0x20, 0x20, 0x20, 0x20,
    0x22, 0x70, 0x61, 0x63, 0x6b, 0x61, 0x67, 0x65, 0x22, 0x3a, 0x20, 0x22, 0x74, 0x61, 0x67, 0x67,
    0x65, 0x64, 0x5f, 0x75, 0x72, 0x6e, 0x5f, 0x66, 0x6f, 0x72, 0x6d, 0x61, 0x6c, 0x22, 0x2c, 0x0a,
    0x20, 0x20, 0x20, 0x20, 0x20, 0x20, 0x20, 0x20, 0x22, 0x66, 0x69, 0x6c, 0x65, 0x22, 0x3a, 0x20,
    0x22, 0x54, 0x61, 0x67, 0x67, 0x65, 0x64, 0x55, 0x72, 0x6e, 0x2f, 0x45, 0x78, 0x65, 0x63, 0x2e,
    0x6c, 0x65, 0x61, 0x6e, 0x22, 0x2c, 0x0a, 0x20, 0x20, 0x20, 0x20, 0x20, 0x20, 0x20, 0x20, 0x22,
    0x73, 0x74, 0x61, 0x72, 0x74, 0x22, 0x3a, 0x20, 0x7b, 0x0a, 0x20, 0x20, 0x20, 0x20, 0x20, 0x20,
    0x20, 0x20, 0x20, 0x20, 0x22, 0x6c, 0x69, 0x6e, 0x65, 0x22, 0x3a, 0x20, 0x33, 0x39, 0x2c, 0x0a,
    0x20, 0x20, 0x20, 0x20, 0x20, 0x20, 0x20, 0x20, 0x20, 0x20, 0x22, 0x63, 0x6f, 0x6c, 0x75, 0x6d,
    0x6e, 0x22, 0x3a, 0x20, 0x31, 0x0a, 0x20, 0x20, 0x20, 0x20, 0x20, 0x20, 0x20, 0x20, 0x7d, 0x2c,
    0x0a, 0x20, 0x20, 0x20, 0x20, 0x20, 0x20, 0x20, 0x20, 0x22, 0x65, 0x6e, 0x64, 0x22, 0x3a, 0x20,
    0x7b, 0x0a, 0x20, 0x20, 0x20, 0x20, 0x20, 0x20, 0x20, 0x20, 0x20, 0x20, 0x22, 0x6c, 0x69, 0x6e,
    0x65, 0x22, 0x3a, 0x20, 0x34, 0x34, 0x2c, 0x0a, 0x20, 0x20, 0x20, 0x20, 0x20, 0x20, 0x20, 0x20,
    0x20, 0x20, 0x22, 0x63, 0x6f, 0x6c, 0x75, 0x6d, 0x6e, 0x22, 0x3a, 0x20, 0x32, 0x31, 0x0a, 0x20,
    0x20, 0x20, 0x20, 0x20, 0x20, 0x20, 0x20, 0x7d, 0x0a, 0x20, 0x20, 0x20, 0x20, 0x20, 0x20, 0x7d,
    0x0a, 0x20, 0x20, 0x20, 0x20, 0x7d, 0x2c, 0x0a, 0x20, 0x20, 0x20, 0x20, 0x7b, 0x0a, 0x20, 0x20,
    0x20, 0x20, 0x20, 0x20, 0x22, 0x6e, 0x61, 0x6d, 0x65, 0x22, 0x3a, 0x20, 0x22, 0x54, 0x61, 0x67,
    0x67, 0x65, 0x64, 0x55, 0x72, 0x6e, 0x2e, 0x45, 0x78, 0x65, 0x63, 0x2e, 0x6d, 0x61, 0x6b, 0x65,
    0x5f, 0x75, 0x72, 0x6e, 0x22, 0x2c, 0x0a, 0x20, 0x20, 0x20, 0x20, 0x20, 0x20, 0x22, 0x72, 0x65,
    0x6c, 0x61, 0x74, 0x69, 0x6f, 0x6e, 0x22, 0x3a, 0x20, 0x22, 0x6c, 0x75, 0x6e, 0x67, 0x6f, 0x2e,
    0x6c, 0x61, 0x77, 0x22, 0x2c, 0x0a, 0x20, 0x20, 0x20, 0x20, 0x20, 0x20, 0x22, 0x73, 0x75, 0x62,
    0x6a, 0x65, 0x63, 0x74, 0x73, 0x22, 0x3a, 0x20, 0x5b, 0x0a, 0x20, 0x20, 0x20, 0x20, 0x20, 0x20,
    0x20, 0x20, 0x22, 0x54, 0x61, 0x67, 0x67, 0x65, 0x64, 0x55, 0x72, 0x6e, 0x2e, 0x45, 0x78, 0x65,
    0x63, 0x2e, 0x6d, 0x61, 0x6b, 0x65, 0x22, 0x0a, 0x20, 0x20, 0x20, 0x20, 0x20, 0x20, 0x5d, 0x2c,
    0x0a, 0x20, 0x20, 0x20, 0x20, 0x20, 0x20, 0x22, 0x73, 0x70, 0x65, 0x63, 0x69, 0x66, 0x69, 0x63,
    0x61, 0x74, 0x69, 0x6f, 0x6e, 0x73, 0x22, 0x3a, 0x20, 0x5b, 0x5d, 0x2c, 0x0a, 0x20, 0x20, 0x20,
    0x20, 0x20, 0x20, 0x22, 0x73, 0x74, 0x61, 0x74, 0x65, 0x6d, 0x65, 0x6e, 0x74, 0x22, 0x3a, 0x20,
    0x22, 0xe2, 0x88, 0x80, 0x20, 0x7b, 0x73, 0x63, 0x68, 0x65, 0x6d, 0x65, 0x20, 0x3a, 0x20, 0x53,
    0x74, 0x72, 0x69, 0x6e, 0x67, 0x7d, 0x20, 0x7b, 0x74, 0x61, 0x67, 0x73, 0x20, 0x3a, 0x20, 0x4c,
    0x69, 0x73, 0x74, 0x20, 0x28, 0x53, 0x74, 0x72, 0x69, 0x6e, 0x67, 0x20, 0xc3, 0x97, 0x20, 0x54,
    0x61, 0x67, 0x67, 0x65, 0x64, 0x55, 0x72, 0x6e, 0x2e, 0x43, 0x6f, 0x6e, 0x73, 0x74, 0x72, 0x61,
    0x69, 0x6e, 0x74, 0x29, 0x7d, 0x20, 0x7b, 0x77, 0x20, 0x3a, 0x20, 0x54, 0x61, 0x67, 0x67, 0x65,
    0x64, 0x55, 0x72, 0x6e, 0x2e, 0x45, 0x78, 0x65, 0x63, 0x2e, 0x57, 0x66, 0x7d, 0x2c, 0x5c, 0x6e,
    0x20, 0x20, 0x54, 0x61, 0x67, 0x67, 0x65, 0x64, 0x55, 0x72, 0x6e, 0x2e, 0x45, 0x78, 0x65, 0x63,
    0x2e, 0x6d, 0x61, 0x6b, 0x65, 0x20, 0x73, 0x63, 0x68, 0x65, 0x6d, 0x65, 0x20, 0x74, 0x61, 0x67,
    0x73, 0x20, 0x3d, 0x20, 0x73, 0x6f, 0x6d, 0x65, 0x20, 0x77, 0x20, 0xe2, 0x86, 0x92, 0x20, 0x77,
    0x2e, 0x75, 0x72, 0x6e, 0x20, 0x3d, 0x20, 0x7b, 0x20, 0x73, 0x63, 0x68, 0x65, 0x6d, 0x65, 0x20,
    0x3a, 0x3d, 0x20, 0x73, 0x63, 0x68, 0x65, 0x6d, 0x65, 0x2c, 0x20, 0x74, 0x61, 0x67, 0x73, 0x20,
    0x3a, 0x3d, 0x20, 0x74, 0x61, 0x67, 0x73, 0x20, 0x7d, 0x22, 0x2c, 0x0a, 0x20, 0x20, 0x20, 0x20,
    0x20, 0x20, 0x22, 0x73, 0x74, 0x61, 0x74, 0x75, 0x73, 0x22, 0x3a, 0x20, 0x22, 0x70, 0x72, 0x6f,
    0x76, 0x65, 0x64, 0x22, 0x2c, 0x0a, 0x20, 0x20, 0x20, 0x20, 0x20, 0x20, 0x22, 0x65, 0x76, 0x69,
    0x64, 0x65, 0x6e, 0x63, 0x65, 0x5f, 0x74, 0x72, 0x75, 0x73, 0x74, 0x22, 0x3a, 0x20, 0x7b, 0x0a,
    0x20, 0x20, 0x20, 0x20, 0x20, 0x20, 0x20, 0x20, 0x22, 0x61, 0x78, 0x69, 0x6f, 0x6d, 0x73, 0x22,
    0x3a, 0x20, 0x5b, 0x0a, 0x20, 0x20, 0x20, 0x20, 0x20, 0x20, 0x20, 0x20, 0x20, 0x20, 0x22, 0x43,
    0x6c, 0x61, 0x73, 0x73, 0x69, 0x63, 0x61, 0x6c, 0x2e, 0x63, 0x68, 0x6f, 0x69, 0x63, 0x65, 0x22,
    0x2c, 0x0a, 0x20, 0x20, 0x20, 0x20, 0x20, 0x20, 0x20, 0x20, 0x20, 0x20, 0x22, 0x51, 0x75, 0x6f,
    0x74, 0x2e, 0x73, 0x6f, 0x75, 0x6e, 0x64, 0x22, 0x2c, 0x0a, 0x20, 0x20, 0x20, 0x20, 0x20, 0x20,
    0x20, 0x20, 0x20, 0x20, 0x22, 0x70, 0x72, 0x6f, 0x70, 0x65, 0x78, 0x74, 0x22, 0x0a, 0x20, 0x20,
    0x20, 0x20, 0x20, 0x20, 0x20, 0x20, 0x5d, 0x2c, 0x0a, 0x20, 0x20, 0x20, 0x20, 0x20, 0x20, 0x20,
    0x20, 0x22, 0x64, 0x65, 0x70, 0x65, 0x6e, 0x64, 0x73, 0x5f, 0x6f, 0x6e, 0x5f, 0x73, 0x6f, 0x72,
    0x72, 0x79, 0x22, 0x3a, 0x20, 0x66, 0x61, 0x6c, 0x73, 0x65, 0x0a, 0x20, 0x20, 0x20, 0x20, 0x20,
    0x20, 0x7d, 0x2c, 0x0a, 0x20, 0x20, 0x20, 0x20, 0x20, 0x20, 0x22, 0x61, 0x73, 0x73, 0x75, 0x6d,
    0x70, 0x74, 0x69, 0x6f, 0x6e, 0x73, 0x22, 0x3a, 0x20, 0x5b, 0x5d, 0x2c, 0x0a, 0x20, 0x20, 0x20,
    0x20, 0x20, 0x20, 0x22, 0x70, 0x61, 0x63, 0x6b, 0x61, 0x67, 0x65, 0x22, 0x3a, 0x20, 0x22, 0x74,
    0x61, 0x67, 0x67, 0x65, 0x64, 0x5f, 0x75, 0x72, 0x6e, 0x5f, 0x66, 0x6f, 0x72, 0x6d, 0x61, 0x6c,
    0x22, 0x2c, 0x0a, 0x20, 0x20, 0x20, 0x20, 0x20, 0x20, 0x22, 0x66, 0x69, 0x6e, 0x67, 0x65, 0x72,
    0x70, 0x72, 0x69, 0x6e, 0x74, 0x22, 0x3a, 0x20, 0x22, 0x65, 0x62, 0x38, 0x62, 0x38, 0x62, 0x32,
    0x36, 0x38, 0x66, 0x61, 0x33, 0x65, 0x30, 0x32, 0x33, 0x64, 0x34, 0x38, 0x61, 0x34, 0x63, 0x61,
    0x37, 0x65, 0x32, 0x30, 0x65, 0x61, 0x65, 0x33, 0x66, 0x30, 0x61, 0x32, 0x38, 0x31, 0x31, 0x63,
    0x39, 0x34, 0x36, 0x61, 0x33, 0x39, 0x63, 0x37, 0x61, 0x38, 0x39, 0x64, 0x39, 0x63, 0x33, 0x66,
    0x33, 0x61, 0x39, 0x33, 0x63, 0x35, 0x61, 0x39, 0x36, 0x22, 0x2c, 0x0a, 0x20, 0x20, 0x20, 0x20,
    0x20, 0x20, 0x22, 0x73, 0x6f, 0x75, 0x72, 0x63, 0x65, 0x22, 0x3a, 0x20, 0x7b, 0x0a, 0x20, 0x20,
    0x20, 0x20, 0x20, 0x20, 0x20, 0x20, 0x22, 0x70, 0x61, 0x63, 0x6b, 0x61, 0x67, 0x65, 0x22, 0x3a,
    0x20, 0x22, 0x74, 0x61, 0x67, 0x67, 0x65, 0x64, 0x5f, 0x75, 0x72, 0x6e, 0x5f, 0x66, 0x6f, 0x72,
    0x6d, 0x61, 0x6c, 0x22, 0x2c, 0x0a, 0x20, 0x20, 0x20, 0x20, 0x20, 0x20, 0x20, 0x20, 0x22, 0x66,
    0x69, 0x6c, 0x65, 0x22, 0x3a, 0x20, 0x22, 0x54, 0x61, 0x67, 0x67, 0x65, 0x64, 0x55, 0x72, 0x6e,
    0x2f, 0x45, 0x78, 0x65, 0x63, 0x2e, 0x6c, 0x65, 0x61, 0x6e, 0x22, 0x2c, 0x0a, 0x20, 0x20, 0x20,
    0x20, 0x20, 0x20, 0x20, 0x20, 0x22, 0x73, 0x74, 0x61, 0x72, 0x74, 0x22, 0x3a, 0x20, 0x7b, 0x0a,
    0x20, 0x20, 0x20, 0x20, 0x20, 0x20, 0x20, 0x20, 0x20, 0x20, 0x22, 0x6c, 0x69, 0x6e, 0x65, 0x22,
    0x3a, 0x20, 0x33, 0x31, 0x2c, 0x0a, 0x20, 0x20, 0x20, 0x20, 0x20, 0x20, 0x20, 0x20, 0x20, 0x20,
    0x22, 0x63, 0x6f, 0x6c, 0x75, 0x6d, 0x6e, 0x22, 0x3a, 0x20, 0x31, 0x0a, 0x20, 0x20, 0x20, 0x20,
    0x20, 0x20, 0x20, 0x20, 0x7d, 0x2c, 0x0a, 0x20, 0x20, 0x20, 0x20, 0x20, 0x20, 0x20, 0x20, 0x22,
    0x65, 0x6e, 0x64, 0x22, 0x3a, 0x20, 0x7b, 0x0a, 0x20, 0x20, 0x20, 0x20, 0x20, 0x20, 0x20, 0x20,
    0x20, 0x20, 0x22, 0x6c, 0x69, 0x6e, 0x65, 0x22, 0x3a, 0x20, 0x33, 0x37, 0x2c, 0x0a, 0x20, 0x20,
    0x20, 0x20, 0x20, 0x20, 0x20, 0x20, 0x20, 0x20, 0x22, 0x63, 0x6f, 0x6c, 0x75, 0x6d, 0x6e, 0x22,
    0x3a, 0x20, 0x31, 0x32, 0x0a, 0x20, 0x20, 0x20, 0x20, 0x20, 0x20, 0x20, 0x20, 0x7d, 0x0a, 0x20,
    0x20, 0x20, 0x20, 0x20, 0x20, 0x7d, 0x0a, 0x20, 0x20, 0x20, 0x20, 0x7d, 0x2c, 0x0a, 0x20, 0x20,
    0x20, 0x20, 0x7b, 0x0a, 0x20, 0x20, 0x20, 0x20, 0x20, 0x20, 0x22, 0x6e, 0x61, 0x6d, 0x65, 0x22,
    0x3a, 0x20, 0x22, 0x54, 0x61, 0x67, 0x67, 0x65, 0x64, 0x55, 0x72, 0x6e, 0x2e, 0x45, 0x78, 0x65,
    0x63, 0x2e, 0x6d, 0x65, 0x65, 0x74, 0x73, 0x43, 0x6c, 0x6f, 0x73, 0x65, 0x64, 0x5f, 0x64, 0x65,
    0x63, 0x69, 0x64, 0x65, 0x73, 0x22, 0x2c, 0x0a, 0x20, 0x20, 0x20, 0x20, 0x20, 0x20, 0x22, 0x72,
    0x65, 0x6c, 0x61, 0x74, 0x69, 0x6f, 0x6e, 0x22, 0x3a, 0x20, 0x22, 0x6c, 0x75, 0x6e, 0x67, 0x6f,
    0x2e, 0x64, 0x65, 0x63, 0x69, 0x64, 0x65, 0x73, 0x22, 0x2c, 0x0a, 0x20, 0x20, 0x20, 0x20, 0x20,
    0x20, 0x22, 0x73, 0x75, 0x62, 0x6a, 0x65, 0x63, 0x74, 0x73, 0x22, 0x3a, 0x20, 0x5b, 0x0a, 0x20,
    0x20, 0x20, 0x20, 0x20, 0x20, 0x20, 0x20, 0x22, 0x54, 0x61, 0x67, 0x67, 0x65, 0x64, 0x55, 0x72,
    0x6e, 0x2e, 0x45, 0x78, 0x65, 0x63, 0x2e, 0x6d, 0x65, 0x65, 0x74, 0x73, 0x43, 0x6c, 0x6f, 0x73,
    0x65, 0x64, 0x22, 0x0a, 0x20, 0x20, 0x20, 0x20, 0x20, 0x20, 0x5d, 0x2c, 0x0a, 0x20, 0x20, 0x20,
    0x20, 0x20, 0x20, 0x22, 0x73, 0x70, 0x65, 0x63, 0x69, 0x66, 0x69, 0x63, 0x61, 0x74, 0x69, 0x6f,
    0x6e, 0x73, 0x22, 0x3a, 0x20, 0x5b, 0x0a, 0x20, 0x20, 0x20, 0x20, 0x20, 0x20, 0x20, 0x20, 0x22,
    0x54, 0x61, 0x67, 0x67, 0x65, 0x64, 0x55, 0x72, 0x6e, 0x2e, 0x6d, 0x65, 0x65, 0x74, 0x73, 0x43,
    0x6c, 0x6f, 0x73, 0x65, 0x64, 0x22, 0x0a, 0x20, 0x20, 0x20, 0x20, 0x20, 0x20, 0x5d, 0x2c, 0x0a,
    0x20, 0x20, 0x20, 0x20, 0x20, 0x20, 0x22, 0x73, 0x74, 0x61, 0x74, 0x65, 0x6d, 0x65, 0x6e, 0x74,
    0x22, 0x3a, 0x20, 0x22, 0xe2, 0x88, 0x80, 0x20, 0x28, 0x61, 0x20, 0x62, 0x20, 0x3a, 0x20, 0x54,
    0x61, 0x67, 0x67, 0x65, 0x64, 0x55, 0x72, 0x6e, 0x2e, 0x45, 0x78, 0x65, 0x63, 0x2e, 0x57, 0x66,
    0x29, 0x2c, 0x20, 0x54, 0x61, 0x67, 0x67, 0x65, 0x64, 0x55, 0x72, 0x6e, 0x2e, 0x45, 0x78, 0x65,
    0x63, 0x2e, 0x6d, 0x65, 0x65, 0x74, 0x73, 0x43, 0x6c, 0x6f, 0x73, 0x65, 0x64, 0x20, 0x61, 0x20,
    0x62, 0x20, 0x3d, 0x20, 0x74, 0x72, 0x75, 0x65, 0x20, 0xe2, 0x86, 0x94, 0x20, 0x54, 0x61, 0x67,
    0x67, 0x65, 0x64, 0x55, 0x72, 0x6e, 0x2e, 0x6d, 0x65, 0x65, 0x74, 0x73, 0x43, 0x6c, 0x6f, 0x73,
    0x65, 0x64, 0x20, 0x61, 0x2e, 0x75, 0x72, 0x6e, 0x20, 0x62, 0x2e, 0x75, 0x72, 0x6e, 0x22, 0x2c,
    0x0a, 0x20, 0x20, 0x20, 0x20, 0x20, 0x20, 0x22, 0x73, 0x74, 0x61, 0x74, 0x75, 0x73, 0x22, 0x3a,
    0x20, 0x22, 0x70, 0x72, 0x6f, 0x76, 0x65, 0x64, 0x22, 0x2c, 0x0a, 0x20, 0x20, 0x20, 0x20, 0x20,
    0x20, 0x22, 0x65, 0x76, 0x69, 0x64, 0x65, 0x6e, 0x63, 0x65, 0x5f, 0x74, 0x72, 0x75, 0x73, 0x74,
    0x22, 0x3a, 0x20, 0x7b, 0x0a, 0x20, 0x20, 0x20, 0x20, 0x20, 0x20, 0x20, 0x20, 0x22, 0x61, 0x78,
    0x69, 0x6f, 0x6d, 0x73, 0x22, 0x3a, 0x20, 0x5b, 0x0a, 0x20, 0x20, 0x20, 0x20, 0x20, 0x20, 0x20,
    0x20, 0x20, 0x20, 0x22, 0x43, 0x6c, 0x61, 0x73, 0x73, 0x69, 0x63, 0x61, 0x6c, 0x2e, 0x63, 0x68,
    0x6f, 0x69, 0x63, 0x65, 0x22, 0x2c, 0x0a, 0x20, 0x20, 0x20, 0x20, 0x20, 0x20, 0x20, 0x20, 0x20,
    0x20, 0x22, 0x51, 0x75, 0x6f, 0x74, 0x2e, 0x73, 0x6f, 0x75, 0x6e, 0x64, 0x22, 0x2c, 0x0a, 0x20,
    0x20, 0x20, 0x20, 0x20, 0x20, 0x20, 0x20, 0x20, 0x20, 0x22, 0x70, 0x72, 0x6f, 0x70, 0x65, 0x78,
    0x74, 0x22, 0x0a, 0x20, 0x20, 0x20, 0x20, 0x20, 0x20, 0x20, 0x20, 0x5d, 0x2c, 0x0a, 0x20, 0x20,
    0x20, 0x20, 0x20, 0x20, 0x20, 0x20, 0x22, 0x64, 0x65, 0x70, 0x65, 0x6e, 0x64, 0x73, 0x5f, 0x6f,
    0x6e, 0x5f, 0x73, 0x6f, 0x72, 0x72, 0x79, 0x22, 0x3a, 0x20, 0x66, 0x61, 0x6c, 0x73, 0x65, 0x0a,
    0x20, 0x20, 0x20, 0x20, 0x20, 0x20, 0x7d, 0x2c, 0x0a, 0x20, 0x20, 0x20, 0x20, 0x20, 0x20, 0x22,
    0x61, 0x73, 0x73, 0x75, 0x6d, 0x70, 0x74, 0x69, 0x6f, 0x6e, 0x73, 0x22, 0x3a, 0x20, 0x5b, 0x5d,
    0x2c, 0x0a, 0x20, 0x20, 0x20, 0x20, 0x20, 0x20, 0x22, 0x70, 0x61, 0x63, 0x6b, 0x61, 0x67, 0x65,
    0x22, 0x3a, 0x20, 0x22, 0x74, 0x61, 0x67, 0x67, 0x65, 0x64, 0x5f, 0x75, 0x72, 0x6e, 0x5f, 0x66,
    0x6f, 0x72, 0x6d, 0x61, 0x6c, 0x22, 0x2c, 0x0a, 0x20, 0x20, 0x20, 0x20, 0x20, 0x20, 0x22, 0x66,
    0x69, 0x6e, 0x67, 0x65, 0x72, 0x70, 0x72, 0x69, 0x6e, 0x74, 0x22, 0x3a, 0x20, 0x22, 0x38, 0x39,
    0x66, 0x37, 0x36, 0x39, 0x63, 0x30, 0x61, 0x30, 0x30, 0x39, 0x37, 0x63, 0x63, 0x36, 0x39, 0x39,
    0x61, 0x61, 0x35, 0x32, 0x61, 0x39, 0x35, 0x36, 0x62, 0x37, 0x37, 0x38, 0x34, 0x39, 0x62, 0x63,
    0x38, 0x34, 0x66, 0x66, 0x36, 0x37, 0x35, 0x65, 0x65, 0x35, 0x31, 0x66, 0x64, 0x63, 0x33, 0x36,
    0x36, 0x65, 0x63, 0x65, 0x34, 0x36, 0x62, 0x30, 0x35, 0x35, 0x39, 0x62, 0x33, 0x65, 0x22, 0x2c,
    0x0a, 0x20, 0x20, 0x20, 0x20, 0x20, 0x20, 0x22, 0x73, 0x6f, 0x75, 0x72, 0x63, 0x65, 0x22, 0x3a,
    0x20, 0x7b, 0x0a, 0x20, 0x20, 0x20, 0x20, 0x20, 0x20, 0x20, 0x20, 0x22, 0x70, 0x61, 0x63, 0x6b,
    0x61, 0x67, 0x65, 0x22, 0x3a, 0x20, 0x22, 0x74, 0x61, 0x67, 0x67, 0x65, 0x64, 0x5f, 0x75, 0x72,
    0x6e, 0x5f, 0x66, 0x6f, 0x72, 0x6d, 0x61, 0x6c, 0x22, 0x2c, 0x0a, 0x20, 0x20, 0x20, 0x20, 0x20,
    0x20, 0x20, 0x20, 0x22, 0x66, 0x69, 0x6c, 0x65, 0x22, 0x3a, 0x20, 0x22, 0x54, 0x61, 0x67, 0x67,
    0x65, 0x64, 0x55, 0x72, 0x6e, 0x2f, 0x45, 0x78, 0x65, 0x63, 0x2e, 0x6c, 0x65, 0x61, 0x6e, 0x22,
    0x2c, 0x0a, 0x20, 0x20, 0x20, 0x20, 0x20, 0x20, 0x20, 0x20, 0x22, 0x73, 0x74, 0x61, 0x72, 0x74,
    0x22, 0x3a, 0x20, 0x7b, 0x0a, 0x20, 0x20, 0x20, 0x20, 0x20, 0x20, 0x20, 0x20, 0x20, 0x20, 0x22,
    0x6c, 0x69, 0x6e, 0x65, 0x22, 0x3a, 0x20, 0x31, 0x31, 0x31, 0x2c, 0x0a, 0x20, 0x20, 0x20, 0x20,
    0x20, 0x20, 0x20, 0x20, 0x20, 0x20, 0x22, 0x63, 0x6f, 0x6c, 0x75, 0x6d, 0x6e, 0x22, 0x3a, 0x20,
    0x31, 0x0a, 0x20, 0x20, 0x20, 0x20, 0x20, 0x20, 0x20, 0x20, 0x7d, 0x2c, 0x0a, 0x20, 0x20, 0x20,
    0x20, 0x20, 0x20, 0x20, 0x20, 0x22, 0x65, 0x6e, 0x64, 0x22, 0x3a, 0x20, 0x7b, 0x0a, 0x20, 0x20,
    0x20, 0x20, 0x20, 0x20, 0x20, 0x20, 0x20, 0x20, 0x22, 0x6c, 0x69, 0x6e, 0x65, 0x22, 0x3a, 0x20,
    0x31, 0x31, 0x35, 0x2c, 0x0a, 0x20, 0x20, 0x20, 0x20, 0x20, 0x20, 0x20, 0x20, 0x20, 0x20, 0x22,
    0x63, 0x6f, 0x6c, 0x75, 0x6d, 0x6e, 0x22, 0x3a, 0x20, 0x31, 0x36, 0x0a, 0x20, 0x20, 0x20, 0x20,
    0x20, 0x20, 0x20, 0x20, 0x7d, 0x0a, 0x20, 0x20, 0x20, 0x20, 0x20, 0x20, 0x7d, 0x0a, 0x20, 0x20,
    0x20, 0x20, 0x7d, 0x2c, 0x0a, 0x20, 0x20, 0x20, 0x20, 0x7b, 0x0a, 0x20, 0x20, 0x20, 0x20, 0x20,
    0x20, 0x22, 0x6e, 0x61, 0x6d, 0x65, 0x22, 0x3a, 0x20, 0x22, 0x54, 0x61, 0x67, 0x67, 0x65, 0x64,
    0x55, 0x72, 0x6e, 0x2e, 0x45, 0x78, 0x65, 0x63, 0x2e, 0x6d, 0x65, 0x65, 0x74, 0x73, 0x5f, 0x64,
    0x65, 0x63, 0x69, 0x64, 0x65, 0x73, 0x22, 0x2c, 0x0a, 0x20, 0x20, 0x20, 0x20, 0x20, 0x20, 0x22,
    0x72, 0x65, 0x6c, 0x61, 0x74, 0x69, 0x6f, 0x6e, 0x22, 0x3a, 0x20, 0x22, 0x6c, 0x75, 0x6e, 0x67,
    0x6f, 0x2e, 0x64, 0x65, 0x63, 0x69, 0x64, 0x65, 0x73, 0x22, 0x2c, 0x0a, 0x20, 0x20, 0x20, 0x20,
    0x20, 0x20, 0x22, 0x73, 0x75, 0x62, 0x6a, 0x65, 0x63, 0x74, 0x73, 0x22, 0x3a, 0x20, 0x5b, 0x0a,
    0x20, 0x20, 0x20, 0x20, 0x20, 0x20, 0x20, 0x20, 0x22, 0x54, 0x61, 0x67, 0x67, 0x65, 0x64, 0x55,
    0x72, 0x6e, 0x2e, 0x45, 0x78, 0x65, 0x63, 0x2e, 0x6d, 0x65, 0x65, 0x74, 0x73, 0x22, 0x0a, 0x20,
    0x20, 0x20, 0x20, 0x20, 0x20, 0x5d, 0x2c, 0x0a, 0x20, 0x20, 0x20, 0x20, 0x20, 0x20, 0x22, 0x73,
    0x70, 0x65, 0x63, 0x69, 0x66, 0x69, 0x63, 0x61, 0x74, 0x69, 0x6f, 0x6e, 0x73, 0x22, 0x3a, 0x20,
    0x5b, 0x0a, 0x20, 0x20, 0x20, 0x20, 0x20, 0x20, 0x20, 0x20, 0x22, 0x54, 0x61, 0x67, 0x67, 0x65,
    0x64, 0x55, 0x72, 0x6e, 0x2e, 0x6d, 0x65, 0x65, 0x74, 0x73, 0x22, 0x0a, 0x20, 0x20, 0x20, 0x20,
    0x20, 0x20, 0x5d, 0x2c, 0x0a, 0x20, 0x20, 0x20, 0x20, 0x20, 0x20, 0x22, 0x73, 0x74, 0x61, 0x74,
    0x65, 0x6d, 0x65, 0x6e, 0x74, 0x22, 0x3a, 0x20, 0x22, 0xe2, 0x88, 0x80, 0x20, 0x28, 0x61, 0x20,
    0x62, 0x20, 0x3a, 0x20, 0x54, 0x61, 0x67, 0x67, 0x65, 0x64, 0x55, 0x72, 0x6e, 0x2e, 0x45, 0x78,
    0x65, 0x63, 0x2e, 0x57, 0x66, 0x29, 0x2c, 0x20, 0x54, 0x61, 0x67, 0x67, 0x65, 0x64, 0x55, 0x72,
    0x6e, 0x2e, 0x45, 0x78, 0x65, 0x63, 0x2e, 0x6d, 0x65, 0x65, 0x74, 0x73, 0x20, 0x61, 0x20, 0x62,
    0x20, 0x3d, 0x20, 0x74, 0x72, 0x75, 0x65, 0x20, 0xe2, 0x86, 0x94, 0x20, 0x54, 0x61, 0x67, 0x67,
    0x65, 0x64, 0x55, 0x72, 0x6e, 0x2e, 0x6d, 0x65, 0x65, 0x74, 0x73, 0x20, 0x61, 0x2e, 0x75, 0x72,
    0x6e, 0x20, 0x62, 0x2e, 0x75, 0x72, 0x6e, 0x22, 0x2c, 0x0a, 0x20, 0x20, 0x20, 0x20, 0x20, 0x20,
    0x22, 0x73, 0x74, 0x61, 0x74, 0x75, 0x73, 0x22, 0x3a, 0x20, 0x22, 0x70, 0x72, 0x6f, 0x76, 0x65,
    0x64, 0x22, 0x2c, 0x0a, 0x20, 0x20, 0x20, 0x20, 0x20, 0x20, 0x22, 0x65, 0x76, 0x69, 0x64, 0x65,
    0x6e, 0x63, 0x65, 0x5f, 0x74, 0x72, 0x75, 0x73, 0x74, 0x22, 0x3a, 0x20, 0x7b, 0x0a, 0x20, 0x20,
    0x20, 0x20, 0x20, 0x20, 0x20, 0x20, 0x22, 0x61, 0x78, 0x69, 0x6f, 0x6d, 0x73, 0x22, 0x3a, 0x20,
    0x5b, 0x0a, 0x20, 0x20, 0x20, 0x20, 0x20, 0x20, 0x20, 0x20, 0x20, 0x20, 0x22, 0x43, 0x6c, 0x61,
    0x73, 0x73, 0x69, 0x63, 0x61, 0x6c, 0x2e, 0x63, 0x68, 0x6f, 0x69, 0x63, 0x65, 0x22, 0x2c, 0x0a,
    0x20, 0x20, 0x20, 0x20, 0x20, 0x20, 0x20, 0x20, 0x20, 0x20, 0x22, 0x51, 0x75, 0x6f, 0x74, 0x2e,
    0x73, 0x6f, 0x75, 0x6e, 0x64, 0x22, 0x2c, 0x0a, 0x20, 0x20, 0x20, 0x20, 0x20, 0x20, 0x20, 0x20,
    0x20, 0x20, 0x22, 0x70, 0x72, 0x6f, 0x70, 0x65, 0x78, 0x74, 0x22, 0x0a, 0x20, 0x20, 0x20, 0x20,
    0x20, 0x20, 0x20, 0x20, 0x5d, 0x2c, 0x0a, 0x20, 0x20, 0x20, 0x20, 0x20, 0x20, 0x20, 0x20, 0x22,
    0x64, 0x65, 0x70, 0x65, 0x6e, 0x64, 0x73, 0x5f, 0x6f, 0x6e, 0x5f, 0x73, 0x6f, 0x72, 0x72, 0x79,
    0x22, 0x3a, 0x20, 0x66, 0x61, 0x6c, 0x73, 0x65, 0x0a, 0x20, 0x20, 0x20, 0x20, 0x20, 0x20, 0x7d,
    0x2c, 0x0a, 0x20, 0x20, 0x20, 0x20, 0x20, 0x20, 0x22, 0x61, 0x73, 0x73, 0x75, 0x6d, 0x70, 0x74,
    0x69, 0x6f, 0x6e, 0x73, 0x22, 0x3a, 0x20, 0x5b, 0x5d, 0x2c, 0x0a, 0x20, 0x20, 0x20, 0x20, 0x20,
    0x20, 0x22, 0x70, 0x61, 0x63, 0x6b, 0x61, 0x67, 0x65, 0x22, 0x3a, 0x20, 0x22, 0x74, 0x61, 0x67,
    0x67, 0x65, 0x64, 0x5f, 0x75, 0x72, 0x6e, 0x5f, 0x66, 0x6f, 0x72, 0x6d, 0x61, 0x6c, 0x22, 0x2c,
    0x0a, 0x20, 0x20, 0x20, 0x20, 0x20, 0x20, 0x22, 0x66, 0x69, 0x6e, 0x67, 0x65, 0x72, 0x70, 0x72,
    0x69, 0x6e, 0x74, 0x22, 0x3a, 0x20, 0x22, 0x37, 0x39, 0x36, 0x64, 0x33, 0x64, 0x32, 0x32, 0x31,
    0x37, 0x35, 0x65, 0x63, 0x66, 0x34, 0x61, 0x36, 0x37, 0x36, 0x37, 0x65, 0x64, 0x65, 0x39, 0x31,
    0x34, 0x33, 0x65, 0x31, 0x39, 0x30, 0x30, 0x66, 0x66, 0x34, 0x34, 0x35, 0x63, 0x64, 0x31, 0x63,
    0x38, 0x32, 0x36, 0x62, 0x35, 0x31, 0x63, 0x36, 0x37, 0x34, 0x35, 0x63, 0x31, 0x37, 0x34, 0x34,
    0x61, 0x31, 0x37, 0x36, 0x33, 0x37, 0x39, 0x22, 0x2c, 0x0a, 0x20, 0x20, 0x20, 0x20, 0x20, 0x20,
    0x22, 0x73, 0x6f, 0x75, 0x72, 0x63, 0x65, 0x22, 0x3a, 0x20, 0x7b, 0x0a, 0x20, 0x20, 0x20, 0x20,
    0x20, 0x20, 0x20, 0x20, 0x22, 0x70, 0x61, 0x63, 0x6b, 0x61, 0x67, 0x65, 0x22, 0x3a, 0x20, 0x22,
    0x74, 0x61, 0x67, 0x67, 0x65, 0x64, 0x5f, 0x75, 0x72, 0x6e, 0x5f, 0x66, 0x6f, 0x72, 0x6d, 0x61,
    0x6c, 0x22, 0x2c, 0x0a, 0x20, 0x20, 0x20, 0x20, 0x20, 0x20, 0x20, 0x20, 0x22, 0x66, 0x69, 0x6c,
    0x65, 0x22, 0x3a, 0x20, 0x22, 0x54, 0x61, 0x67, 0x67, 0x65, 0x64, 0x55, 0x72, 0x6e, 0x2f, 0x45,
    0x78, 0x65, 0x63, 0x2e, 0x6c, 0x65, 0x61, 0x6e, 0x22, 0x2c, 0x0a, 0x20, 0x20, 0x20, 0x20, 0x20,
    0x20, 0x20, 0x20, 0x22, 0x73, 0x74, 0x61, 0x72, 0x74, 0x22, 0x3a, 0x20, 0x7b, 0x0a, 0x20, 0x20,
    0x20, 0x20, 0x20, 0x20, 0x20, 0x20, 0x20, 0x20, 0x22, 0x6c, 0x69, 0x6e, 0x65, 0x22, 0x3a, 0x20,
    0x38, 0x35, 0x2c, 0x0a, 0x20, 0x20, 0x20, 0x20, 0x20, 0x20, 0x20, 0x20, 0x20, 0x20, 0x22, 0x63,
    0x6f, 0x6c, 0x75, 0x6d, 0x6e, 0x22, 0x3a, 0x20, 0x31, 0x0a, 0x20, 0x20, 0x20, 0x20, 0x20, 0x20,
    0x20, 0x20, 0x7d, 0x2c, 0x0a, 0x20, 0x20, 0x20, 0x20, 0x20, 0x20, 0x20, 0x20, 0x22, 0x65, 0x6e,
    0x64, 0x22, 0x3a, 0x20, 0x7b, 0x0a, 0x20, 0x20, 0x20, 0x20, 0x20, 0x20, 0x20, 0x20, 0x20, 0x20,
    0x22, 0x6c, 0x69, 0x6e, 0x65, 0x22, 0x3a, 0x20, 0x38, 0x37, 0x2c, 0x0a, 0x20, 0x20, 0x20, 0x20,
    0x20, 0x20, 0x20, 0x20, 0x20, 0x20, 0x22, 0x63, 0x6f, 0x6c, 0x75, 0x6d, 0x6e, 0x22, 0x3a, 0x20,
    0x39, 0x30, 0x0a, 0x20, 0x20, 0x20, 0x20, 0x20, 0x20, 0x20, 0x20, 0x7d, 0x0a, 0x20, 0x20, 0x20,
    0x20, 0x20, 0x20, 0x7d, 0x0a, 0x20, 0x20, 0x20, 0x20, 0x7d, 0x2c, 0x0a, 0x20, 0x20, 0x20, 0x20,
    0x7b, 0x0a, 0x20, 0x20, 0x20, 0x20, 0x20, 0x20, 0x22, 0x6e, 0x61, 0x6d, 0x65, 0x22, 0x3a, 0x20,
    0x22, 0x54, 0x61, 0x67, 0x67, 0x65, 0x64, 0x55, 0x72, 0x6e, 0x2e, 0x45, 0x78, 0x65, 0x63, 0x2e,
    0x72, 0x65, 0x66, 0x69, 0x6e, 0x65, 0x73, 0x43, 0x6c, 0x6f, 0x73, 0x65, 0x64, 0x5f, 0x64, 0x65,
    0x63, 0x69, 0x64, 0x65, 0x73, 0x22, 0x2c, 0x0a, 0x20, 0x20, 0x20, 0x20, 0x20, 0x20, 0x22, 0x72,
    0x65, 0x6c, 0x61, 0x74, 0x69, 0x6f, 0x6e, 0x22, 0x3a, 0x20, 0x22, 0x6c, 0x75, 0x6e, 0x67, 0x6f,
    0x2e, 0x64, 0x65, 0x63, 0x69, 0x64, 0x65, 0x73, 0x22, 0x2c, 0x0a, 0x20, 0x20, 0x20, 0x20, 0x20,
    0x20, 0x22, 0x73, 0x75, 0x62, 0x6a, 0x65, 0x63, 0x74, 0x73, 0x22, 0x3a, 0x20, 0x5b, 0x0a, 0x20,
    0x20, 0x20, 0x20, 0x20, 0x20, 0x20, 0x20, 0x22, 0x54, 0x61, 0x67, 0x67, 0x65, 0x64, 0x55, 0x72,
    0x6e, 0x2e, 0x45, 0x78, 0x65, 0x63, 0x2e, 0x72, 0x65, 0x66, 0x69, 0x6e, 0x65, 0x73, 0x43, 0x6c,
    0x6f, 0x73, 0x65, 0x64, 0x22, 0x0a, 0x20, 0x20, 0x20, 0x20, 0x20, 0x20, 0x5d, 0x2c, 0x0a, 0x20,
    0x20, 0x20, 0x20, 0x20, 0x20, 0x22, 0x73, 0x70, 0x65, 0x63, 0x69, 0x66, 0x69, 0x63, 0x61, 0x74,
    0x69, 0x6f, 0x6e, 0x73, 0x22, 0x3a, 0x20, 0x5b, 0x0a, 0x20, 0x20, 0x20, 0x20, 0x20, 0x20, 0x20,
    0x20, 0x22, 0x54, 0x61, 0x67, 0x67, 0x65, 0x64, 0x55, 0x72, 0x6e, 0x2e, 0x72, 0x65, 0x66, 0x69,
    0x6e, 0x65, 0x73, 0x43, 0x6c, 0x6f, 0x73, 0x65, 0x64, 0x22, 0x0a, 0x20, 0x20, 0x20, 0x20, 0x20,
    0x20, 0x5d, 0x2c, 0x0a, 0x20, 0x20, 0x20, 0x20, 0x20, 0x20, 0x22, 0x73, 0x74, 0x61, 0x74, 0x65,
    0x6d, 0x65, 0x6e, 0x74, 0x22, 0x3a, 0x20, 0x22, 0xe2, 0x88, 0x80, 0x20, 0x28, 0x61, 0x20, 0x62,
    0x20, 0x3a, 0x20, 0x54, 0x61, 0x67, 0x67, 0x65, 0x64, 0x55, 0x72, 0x6e, 0x2e, 0x45, 0x78, 0x65,
    0x63, 0x2e, 0x57, 0x66, 0x29, 0x2c, 0x20, 0x54, 0x61, 0x67, 0x67, 0x65, 0x64, 0x55, 0x72, 0x6e,
    0x2e, 0x45, 0x78, 0x65, 0x63, 0x2e, 0x72, 0x65, 0x66, 0x69, 0x6e, 0x65, 0x73, 0x43, 0x6c, 0x6f,
    0x73, 0x65, 0x64, 0x20, 0x61, 0x20, 0x62, 0x20, 0x3d, 0x20, 0x74, 0x72, 0x75, 0x65, 0x20, 0xe2,
    0x86, 0x94, 0x20, 0x54, 0x61, 0x67, 0x67, 0x65, 0x64, 0x55, 0x72, 0x6e, 0x2e, 0x72, 0x65, 0x66,
    0x69, 0x6e, 0x65, 0x73, 0x43, 0x6c, 0x6f, 0x73, 0x65, 0x64, 0x20, 0x61, 0x2e, 0x75, 0x72, 0x6e,
    0x20, 0x62, 0x2e, 0x75, 0x72, 0x6e, 0x22, 0x2c, 0x0a, 0x20, 0x20, 0x20, 0x20, 0x20, 0x20, 0x22,
    0x73, 0x74, 0x61, 0x74, 0x75, 0x73, 0x22, 0x3a, 0x20, 0x22, 0x70, 0x72, 0x6f, 0x76, 0x65, 0x64,
    0x22, 0x2c, 0x0a, 0x20, 0x20, 0x20, 0x20, 0x20, 0x20, 0x22, 0x65, 0x76, 0x69, 0x64, 0x65, 0x6e,
    0x63, 0x65, 0x5f, 0x74, 0x72, 0x75, 0x73, 0x74, 0x22, 0x3a, 0x20, 0x7b, 0x0a, 0x20, 0x20, 0x20,
    0x20, 0x20, 0x20, 0x20, 0x20, 0x22, 0x61, 0x78, 0x69, 0x6f, 0x6d, 0x73, 0x22, 0x3a, 0x20, 0x5b,
    0x0a, 0x20, 0x20, 0x20, 0x20, 0x20, 0x20, 0x20, 0x20, 0x20, 0x20, 0x22, 0x43, 0x6c, 0x61, 0x73,
    0x73, 0x69, 0x63, 0x61, 0x6c, 0x2e, 0x63, 0x68, 0x6f, 0x69, 0x63, 0x65, 0x22, 0x2c, 0x0a, 0x20,
    0x20, 0x20, 0x20, 0x20, 0x20, 0x20, 0x20, 0x20, 0x20, 0x22, 0x51, 0x75, 0x6f, 0x74, 0x2e, 0x73,
    0x6f, 0x75, 0x6e, 0x64, 0x22, 0x2c, 0x0a, 0x20, 0x20, 0x20, 0x20, 0x20, 0x20, 0x20, 0x20, 0x20,
    0x20, 0x22, 0x70, 0x72, 0x6f, 0x70, 0x65, 0x78, 0x74, 0x22, 0x0a, 0x20, 0x20, 0x20, 0x20, 0x20,
    0x20, 0x20, 0x20, 0x5d, 0x2c, 0x0a, 0x20, 0x20, 0x20, 0x20, 0x20, 0x20, 0x20, 0x20, 0x22, 0x64,
    0x65, 0x70, 0x65, 0x6e, 0x64, 0x73, 0x5f, 0x6f, 0x6e, 0x5f, 0x73, 0x6f, 0x72, 0x72, 0x79, 0x22,
    0x3a, 0x20, 0x66, 0x61, 0x6c, 0x73, 0x65, 0x0a, 0x20, 0x20, 0x20, 0x20, 0x20, 0x20, 0x7d, 0x2c,
    0x0a, 0x20, 0x20, 0x20, 0x20, 0x20, 0x20, 0x22, 0x61, 0x73, 0x73, 0x75, 0x6d, 0x70, 0x74, 0x69,
    0x6f, 0x6e, 0x73, 0x22, 0x3a, 0x20, 0x5b, 0x5d, 0x2c, 0x0a, 0x20, 0x20, 0x20, 0x20, 0x20, 0x20,
    0x22, 0x70, 0x61, 0x63, 0x6b, 0x61, 0x67, 0x65, 0x22, 0x3a, 0x20, 0x22, 0x74, 0x61, 0x67, 0x67,
    0x65, 0x64, 0x5f, 0x75, 0x72, 0x6e, 0x5f, 0x66, 0x6f, 0x72, 0x6d, 0x61, 0x6c, 0x22, 0x2c, 0x0a,
    0x20, 0x20, 0x20, 0x20, 0x20, 0x20, 0x22, 0x66, 0x69, 0x6e, 0x67, 0x65, 0x72, 0x70, 0x72, 0x69,
    0x6e, 0x74, 0x22, 0x3a, 0x20, 0x22, 0x37, 0x62, 0x63, 0x36, 0x62, 0x38, 0x38, 0x35, 0x64, 0x63,
    0x65, 0x64, 0x66, 0x61, 0x64, 0x39, 0x61, 0x61, 0x62, 0x37, 0x65, 0x64, 0x39, 0x31, 0x34, 0x38,
    0x39, 0x62, 0x61, 0x64, 0x36, 0x32, 0x61, 0x39, 0x35, 0x33, 0x65, 0x35, 0x65, 0x65, 0x34, 0x63,
    0x66, 0x61, 0x63, 0x35, 0x66, 0x65, 0x30, 0x34, 0x62, 0x62, 0x35, 0x39, 0x32, 0x36, 0x61, 0x62,
    0x33, 0x39, 0x33, 0x63, 0x63, 0x38, 0x22, 0x2c, 0x0a, 0x20, 0x20, 0x20, 0x20, 0x20, 0x20, 0x22,
    0x73, 0x6f, 0x75, 0x72, 0x63, 0x65, 0x22, 0x3a, 0x20, 0x7b, 0x0a, 0x20, 0x20, 0x20, 0x20, 0x20,
    0x20, 0x20, 0x20, 0x22, 0x70, 0x61, 0x63, 0x6b, 0x61, 0x67, 0x65, 0x22, 0x3a, 0x20, 0x22, 0x74,
    0x61, 0x67, 0x67, 0x65, 0x64, 0x5f, 0x75, 0x72, 0x6e, 0x5f, 0x66, 0x6f, 0x72, 0x6d, 0x61, 0x6c,
    0x22, 0x2c, 0x0a, 0x20, 0x20, 0x20, 0x20, 0x20, 0x20, 0x20, 0x20, 0x22, 0x66, 0x69, 0x6c, 0x65,
    0x22, 0x3a, 0x20, 0x22, 0x54, 0x61, 0x67, 0x67, 0x65, 0x64, 0x55, 0x72, 0x6e, 0x2f, 0x45, 0x78,
    0x65, 0x63, 0x2e, 0x6c, 0x65, 0x61, 0x6e, 0x22, 0x2c, 0x0a, 0x20, 0x20, 0x20, 0x20, 0x20, 0x20,
    0x20, 0x20, 0x22, 0x73, 0x74, 0x61, 0x72, 0x74, 0x22, 0x3a, 0x20, 0x7b, 0x0a, 0x20, 0x20, 0x20,
    0x20, 0x20, 0x20, 0x20, 0x20, 0x20, 0x20, 0x22, 0x6c, 0x69, 0x6e, 0x65, 0x22, 0x3a, 0x20, 0x31,
    0x30, 0x31, 0x2c, 0x0a, 0x20, 0x20, 0x20, 0x20, 0x20, 0x20, 0x20, 0x20, 0x20, 0x20, 0x22, 0x63,
    0x6f, 0x6c, 0x75, 0x6d, 0x6e, 0x22, 0x3a, 0x20, 0x31, 0x0a, 0x20, 0x20, 0x20, 0x20, 0x20, 0x20,
    0x20, 0x20, 0x7d, 0x2c, 0x0a, 0x20, 0x20, 0x20, 0x20, 0x20, 0x20, 0x20, 0x20, 0x22, 0x65, 0x6e,
    0x64, 0x22, 0x3a, 0x20, 0x7b, 0x0a, 0x20, 0x20, 0x20, 0x20, 0x20, 0x20, 0x20, 0x20, 0x20, 0x20,
    0x22, 0x6c, 0x69, 0x6e, 0x65, 0x22, 0x3a, 0x20, 0x31, 0x30, 0x35, 0x2c, 0x0a, 0x20, 0x20, 0x20,
    0x20, 0x20, 0x20, 0x20, 0x20, 0x20, 0x20, 0x22, 0x63, 0x6f, 0x6c, 0x75, 0x6d, 0x6e, 0x22, 0x3a,
    0x20, 0x31, 0x36, 0x0a, 0x20, 0x20, 0x20, 0x20, 0x20, 0x20, 0x20, 0x20, 0x7d, 0x0a, 0x20, 0x20,
    0x20, 0x20, 0x20, 0x20, 0x7d, 0x0a, 0x20, 0x20, 0x20, 0x20, 0x7d, 0x2c, 0x0a, 0x20, 0x20, 0x20,
    0x20, 0x7b, 0x0a, 0x20, 0x20, 0x20, 0x20, 0x20, 0x20, 0x22, 0x6e, 0x61, 0x6d, 0x65, 0x22, 0x3a,
    0x20, 0x22, 0x54, 0x61, 0x67, 0x67, 0x65, 0x64, 0x55, 0x72, 0x6e, 0x2e, 0x45, 0x78, 0x65, 0x63,
    0x2e, 0x72, 0x65, 0x66, 0x69, 0x6e, 0x65, 0x73, 0x5f, 0x64, 0x65, 0x63, 0x69, 0x64, 0x65, 0x73,
    0x22, 0x2c, 0x0a, 0x20, 0x20, 0x20, 0x20, 0x20, 0x20, 0x22, 0x72, 0x65, 0x6c, 0x61, 0x74, 0x69,
    0x6f, 0x6e, 0x22, 0x3a, 0x20, 0x22, 0x6c, 0x75, 0x6e, 0x67, 0x6f, 0x2e, 0x64, 0x65, 0x63, 0x69,
    0x64, 0x65, 0x73, 0x22, 0x2c, 0x0a, 0x20, 0x20, 0x20, 0x20, 0x20, 0x20, 0x22, 0x73, 0x75, 0x62,
    0x6a, 0x65, 0x63, 0x74, 0x73, 0x22, 0x3a, 0x20, 0x5b, 0x0a, 0x20, 0x20, 0x20, 0x20, 0x20, 0x20,
    0x20, 0x20, 0x22, 0x54, 0x61, 0x67, 0x67, 0x65, 0x64, 0x55, 0x72, 0x6e, 0x2e, 0x45, 0x78, 0x65,
    0x63, 0x2e, 0x72, 0x65, 0x66, 0x69, 0x6e, 0x65, 0x73, 0x22, 0x0a, 0x20, 0x20, 0x20, 0x20, 0x20,
    0x20, 0x5d, 0x2c, 0x0a, 0x20, 0x20, 0x20, 0x20, 0x20, 0x20, 0x22, 0x73, 0x70, 0x65, 0x63, 0x69,
    0x66, 0x69, 0x63, 0x61, 0x74, 0x69, 0x6f, 0x6e, 0x73, 0x22, 0x3a, 0x20, 0x5b, 0x0a, 0x20, 0x20,
    0x20, 0x20, 0x20, 0x20, 0x20, 0x20, 0x22, 0x54, 0x61, 0x67, 0x67, 0x65, 0x64, 0x55, 0x72, 0x6e,
    0x2e, 0x72, 0x65, 0x66, 0x69, 0x6e, 0x65, 0x73, 0x22, 0x0a, 0x20, 0x20, 0x20, 0x20, 0x20, 0x20,
    0x5d, 0x2c, 0x0a, 0x20, 0x20, 0x20, 0x20, 0x20, 0x20, 0x22, 0x73, 0x74, 0x61, 0x74, 0x65, 0x6d,
    0x65, 0x6e, 0x74, 0x22, 0x3a, 0x20, 0x22, 0xe2, 0x88, 0x80, 0x20, 0x28, 0x61, 0x20, 0x62, 0x20,
    0x3a, 0x20, 0x54, 0x61, 0x67, 0x67, 0x65, 0x64, 0x55, 0x72, 0x6e, 0x2e, 0x45, 0x78, 0x65, 0x63,
    0x2e, 0x57, 0x66, 0x29, 0x2c, 0x20, 0x54, 0x61, 0x67, 0x67, 0x65, 0x64, 0x55, 0x72, 0x6e, 0x2e,
    0x45, 0x78, 0x65, 0x63, 0x2e, 0x72, 0x65, 0x66, 0x69, 0x6e, 0x65, 0x73, 0x20, 0x61, 0x20, 0x62,
    0x20, 0x3d, 0x20, 0x74, 0x72, 0x75, 0x65, 0x20, 0xe2, 0x86, 0x94, 0x20, 0x54, 0x61, 0x67, 0x67,
    0x65, 0x64, 0x55, 0x72, 0x6e, 0x2e, 0x72, 0x65, 0x66, 0x69, 0x6e, 0x65, 0x73, 0x20, 0x61, 0x2e,
    0x75, 0x72, 0x6e, 0x20, 0x62, 0x2e, 0x75, 0x72, 0x6e, 0x22, 0x2c, 0x0a, 0x20, 0x20, 0x20, 0x20,
    0x20, 0x20, 0x22, 0x73, 0x74, 0x61, 0x74, 0x75, 0x73, 0x22, 0x3a, 0x20, 0x22, 0x70, 0x72, 0x6f,
    0x76, 0x65, 0x64, 0x22, 0x2c, 0x0a, 0x20, 0x20, 0x20, 0x20, 0x20, 0x20, 0x22, 0x65, 0x76, 0x69,
    0x64, 0x65, 0x6e, 0x63, 0x65, 0x5f, 0x74, 0x72, 0x75, 0x73, 0x74, 0x22, 0x3a, 0x20, 0x7b, 0x0a,
    0x20, 0x20, 0x20, 0x20, 0x20, 0x20, 0x20, 0x20, 0x22, 0x61, 0x78, 0x69, 0x6f, 0x6d, 0x73, 0x22,
    0x3a, 0x20, 0x5b, 0x0a, 0x20, 0x20, 0x20, 0x20, 0x20, 0x20, 0x20, 0x20, 0x20, 0x20, 0x22, 0x43,
    0x6c, 0x61, 0x73, 0x73, 0x69, 0x63, 0x61, 0x6c, 0x2e, 0x63, 0x68, 0x6f, 0x69, 0x63, 0x65, 0x22,
    0x2c, 0x0a, 0x20, 0x20, 0x20, 0x20, 0x20, 0x20, 0x20, 0x20, 0x20, 0x20, 0x22, 0x51, 0x75, 0x6f,
    0x74, 0x2e, 0x73, 0x6f, 0x75, 0x6e, 0x64, 0x22, 0x2c, 0x0a, 0x20, 0x20, 0x20, 0x20, 0x20, 0x20,
    0x20, 0x20, 0x20, 0x20, 0x22, 0x70, 0x72, 0x6f, 0x70, 0x65, 0x78, 0x74, 0x22, 0x0a, 0x20, 0x20,
    0x20, 0x20, 0x20, 0x20, 0x20, 0x20, 0x5d, 0x2c, 0x0a, 0x20, 0x20, 0x20, 0x20, 0x20, 0x20, 0x20,
    0x20, 0x22, 0x64, 0x65, 0x70, 0x65, 0x6e, 0x64, 0x73, 0x5f, 0x6f, 0x6e, 0x5f, 0x73, 0x6f, 0x72,
    0x72, 0x79, 0x22, 0x3a, 0x20, 0x66, 0x61, 0x6c, 0x73, 0x65, 0x0a, 0x20, 0x20, 0x20, 0x20, 0x20,
    0x20, 0x7d, 0x2c, 0x0a, 0x20, 0x20, 0x20, 0x20, 0x20, 0x20, 0x22, 0x61, 0x73, 0x73, 0x75, 0x6d,
    0x70, 0x74, 0x69, 0x6f, 0x6e, 0x73, 0x22, 0x3a, 0x20, 0x5b, 0x5d, 0x2c, 0x0a, 0x20, 0x20, 0x20,
    0x20, 0x20, 0x20, 0x22, 0x70, 0x61, 0x63, 0x6b, 0x61, 0x67, 0x65, 0x22, 0x3a, 0x20, 0x22, 0x74,
    0x61, 0x67, 0x67, 0x65, 0x64, 0x5f, 0x75, 0x72, 0x6e, 0x5f, 0x66, 0x6f, 0x72, 0x6d, 0x61, 0x6c,
    0x22, 0x2c, 0x0a, 0x20, 0x20, 0x20, 0x20, 0x20, 0x20, 0x22, 0x66, 0x69, 0x6e, 0x67, 0x65, 0x72,
    0x70, 0x72, 0x69, 0x6e, 0x74, 0x22, 0x3a, 0x20, 0x22, 0x35, 0x31, 0x65, 0x36, 0x64, 0x36, 0x66,
    0x61, 0x34, 0x33, 0x61, 0x65, 0x35, 0x31, 0x64, 0x33, 0x64, 0x62, 0x64, 0x39, 0x65, 0x39, 0x34,
    0x66, 0x65, 0x38, 0x63, 0x34, 0x35, 0x33, 0x37, 0x37, 0x65, 0x38, 0x65, 0x39, 0x30, 0x62, 0x37,
    0x61, 0x31, 0x63, 0x38, 0x37, 0x66, 0x34, 0x32, 0x63, 0x65, 0x32, 0x32, 0x62, 0x65, 0x65, 0x37,
    0x32, 0x63, 0x62, 0x39, 0x39, 0x34, 0x38, 0x61, 0x38, 0x22, 0x2c, 0x0a, 0x20, 0x20, 0x20, 0x20,
    0x20, 0x20, 0x22, 0x73, 0x6f, 0x75, 0x72, 0x63, 0x65, 0x22, 0x3a, 0x20, 0x7b, 0x0a, 0x20, 0x20,
    0x20, 0x20, 0x20, 0x20, 0x20, 0x20, 0x22, 0x70, 0x61, 0x63, 0x6b, 0x61, 0x67, 0x65, 0x22, 0x3a,
    0x20, 0x22, 0x74, 0x61, 0x67, 0x67, 0x65, 0x64, 0x5f, 0x75, 0x72, 0x6e, 0x5f, 0x66, 0x6f, 0x72,
    0x6d, 0x61, 0x6c, 0x22, 0x2c, 0x0a, 0x20, 0x20, 0x20, 0x20, 0x20, 0x20, 0x20, 0x20, 0x22, 0x66,
    0x69, 0x6c, 0x65, 0x22, 0x3a, 0x20, 0x22, 0x54, 0x61, 0x67, 0x67, 0x65, 0x64, 0x55, 0x72, 0x6e,
    0x2f, 0x45, 0x78, 0x65, 0x63, 0x2e, 0x6c, 0x65, 0x61, 0x6e, 0x22, 0x2c, 0x0a, 0x20, 0x20, 0x20,
    0x20, 0x20, 0x20, 0x20, 0x20, 0x22, 0x73, 0x74, 0x61, 0x72, 0x74, 0x22, 0x3a, 0x20, 0x7b, 0x0a,
    0x20, 0x20, 0x20, 0x20, 0x20, 0x20, 0x20, 0x20, 0x20, 0x20, 0x22, 0x6c, 0x69, 0x6e, 0x65, 0x22,
    0x3a, 0x20, 0x35, 0x30, 0x2c, 0x0a, 0x20, 0x20, 0x20, 0x20, 0x20, 0x20, 0x20, 0x20, 0x20, 0x20,
    0x22, 0x63, 0x6f, 0x6c, 0x75, 0x6d, 0x6e, 0x22, 0x3a, 0x20, 0x31, 0x0a, 0x20, 0x20, 0x20, 0x20,
    0x20, 0x20, 0x20, 0x20, 0x7d, 0x2c, 0x0a, 0x20, 0x20, 0x20, 0x20, 0x20, 0x20, 0x20, 0x20, 0x22,
    0x65, 0x6e, 0x64, 0x22, 0x3a, 0x20, 0x7b, 0x0a, 0x20, 0x20, 0x20, 0x20, 0x20, 0x20, 0x20, 0x20,
    0x20, 0x20, 0x22, 0x6c, 0x69, 0x6e, 0x65, 0x22, 0x3a, 0x20, 0x35, 0x32, 0x2c, 0x0a, 0x20, 0x20,
    0x20, 0x20, 0x20, 0x20, 0x20, 0x20, 0x20, 0x20, 0x22, 0x63, 0x6f, 0x6c, 0x75, 0x6d, 0x6e, 0x22,
    0x3a, 0x20, 0x39, 0x34, 0x0a, 0x20, 0x20, 0x20, 0x20, 0x20, 0x20, 0x20, 0x20, 0x7d, 0x0a, 0x20,
    0x20, 0x20, 0x20, 0x20, 0x20, 0x7d, 0x0a, 0x20, 0x20, 0x20, 0x20, 0x7d, 0x2c, 0x0a, 0x20, 0x20,
    0x20, 0x20, 0x7b, 0x0a, 0x20, 0x20, 0x20, 0x20, 0x20, 0x20, 0x22, 0x6e, 0x61, 0x6d, 0x65, 0x22,
    0x3a, 0x20, 0x22, 0x54, 0x61, 0x67, 0x67, 0x65, 0x64, 0x55, 0x72, 0x6e, 0x2e, 0x45, 0x78, 0x65,
    0x63, 0x2e, 0x73, 0x70, 0x65, 0x63, 0x69, 0x66, 0x69, 0x63, 0x69, 0x74, 0x79, 0x5f, 0x65, 0x71,
    0x22, 0x2c, 0x0a, 0x20, 0x20, 0x20, 0x20, 0x20, 0x20, 0x22, 0x72, 0x65, 0x6c, 0x61, 0x74, 0x69,
    0x6f, 0x6e, 0x22, 0x3a, 0x20, 0x22, 0x6c, 0x75, 0x6e, 0x67, 0x6f, 0x2e, 0x65, 0x71, 0x75, 0x61,
    0x6c, 0x73, 0x22, 0x2c, 0x0a, 0x20, 0x20, 0x20, 0x20, 0x20, 0x20, 0x22, 0x73, 0x75, 0x62, 0x6a,
    0x65, 0x63, 0x74, 0x73, 0x22, 0x3a, 0x20, 0x5b, 0x0a, 0x20, 0x20, 0x20, 0x20, 0x20, 0x20, 0x20,
    0x20, 0x22, 0x54, 0x61, 0x67, 0x67, 0x65, 0x64, 0x55, 0x72, 0x6e, 0x2e, 0x45, 0x78, 0x65, 0x63,
    0x2e, 0x73, 0x70, 0x65, 0x63, 0x69, 0x66, 0x69, 0x63, 0x69, 0x74, 0x79, 0x22, 0x0a, 0x20, 0x20,
    0x20, 0x20, 0x20, 0x20, 0x5d, 0x2c, 0x0a, 0x20, 0x20, 0x20, 0x20, 0x20, 0x20, 0x22, 0x73, 0x70,
    0x65, 0x63, 0x69, 0x66, 0x69, 0x63, 0x61, 0x74, 0x69, 0x6f, 0x6e, 0x73, 0x22, 0x3a, 0x20, 0x5b,
    0x0a, 0x20, 0x20, 0x20, 0x20, 0x20, 0x20, 0x20, 0x20, 0x22, 0x54, 0x61, 0x67, 0x67, 0x65, 0x64,
    0x55, 0x72, 0x6e, 0x2e, 0x75, 0x72, 0x6e, 0x53, 0x63, 0x6f, 0x72, 0x65, 0x22, 0x0a, 0x20, 0x20,
    0x20, 0x20, 0x20, 0x20, 0x5d, 0x2c, 0x0a, 0x20, 0x20, 0x20, 0x20, 0x20, 0x20, 0x22, 0x73, 0x74,
    0x61, 0x74, 0x65, 0x6d, 0x65, 0x6e, 0x74, 0x22, 0x3a, 0x20, 0x22, 0xe2, 0x88, 0x80, 0x20, 0x28,
    0x61, 0x20, 0x3a, 0x20, 0x54, 0x61, 0x67, 0x67, 0x65, 0x64, 0x55, 0x72, 0x6e, 0x2e, 0x45, 0x78,
    0x65, 0x63, 0x2e, 0x57, 0x66, 0x29, 0x2c, 0x20, 0x54, 0x61, 0x67, 0x67, 0x65, 0x64, 0x55, 0x72,
    0x6e, 0x2e, 0x45, 0x78, 0x65, 0x63, 0x2e, 0x73, 0x70, 0x65, 0x63, 0x69, 0x66, 0x69, 0x63, 0x69,
    0x74, 0x79, 0x20, 0x61, 0x20, 0x3d, 0x20, 0x54, 0x61, 0x67, 0x67, 0x65, 0x64, 0x55, 0x72, 0x6e,
    0x2e, 0x75, 0x72, 0x6e, 0x53, 0x63, 0x6f, 0x72, 0x65, 0x20, 0x61, 0x2e, 0x75, 0x72, 0x6e, 0x22,
    0x2c, 0x0a, 0x20, 0x20, 0x20, 0x20, 0x20, 0x20, 0x22, 0x73, 0x74, 0x61, 0x74, 0x75, 0x73, 0x22,
    0x3a, 0x20, 0x22, 0x70, 0x72, 0x6f, 0x76, 0x65, 0x64, 0x22, 0x2c, 0x0a, 0x20, 0x20, 0x20, 0x20,
    0x20, 0x20, 0x22, 0x65, 0x76, 0x69, 0x64, 0x65, 0x6e, 0x63, 0x65, 0x5f, 0x74, 0x72, 0x75, 0x73,
    0x74, 0x22, 0x3a, 0x20, 0x7b, 0x0a, 0x20, 0x20, 0x20, 0x20, 0x20, 0x20, 0x20, 0x20, 0x22, 0x61,
    0x78, 0x69, 0x6f, 0x6d, 0x73, 0x22, 0x3a, 0x20, 0x5b, 0x0a, 0x20, 0x20, 0x20, 0x20, 0x20, 0x20,
    0x20, 0x20, 0x20, 0x20, 0x22, 0x43, 0x6c, 0x61, 0x73, 0x73, 0x69, 0x63, 0x61, 0x6c, 0x2e, 0x63,
    0x68, 0x6f, 0x69, 0x63, 0x65, 0x22, 0x2c, 0x0a, 0x20, 0x20, 0x20, 0x20, 0x20, 0x20, 0x20, 0x20,
    0x20, 0x20, 0x22, 0x51, 0x75, 0x6f, 0x74, 0x2e, 0x73, 0x6f, 0x75, 0x6e, 0x64, 0x22, 0x2c, 0x0a,
    0x20, 0x20, 0x20, 0x20, 0x20, 0x20, 0x20, 0x20, 0x20, 0x20, 0x22, 0x70, 0x72, 0x6f, 0x70, 0x65,
    0x78, 0x74, 0x22, 0x0a, 0x20, 0x20, 0x20, 0x20, 0x20, 0x20, 0x20, 0x20, 0x5d, 0x2c, 0x0a, 0x20,
    0x20, 0x20, 0x20, 0x20, 0x20, 0x20, 0x20, 0x22, 0x64, 0x65, 0x70, 0x65, 0x6e, 0x64, 0x73, 0x5f,
    0x6f, 0x6e, 0x5f, 0x73, 0x6f, 0x72, 0x72, 0x79, 0x22, 0x3a, 0x20, 0x66, 0x61, 0x6c, 0x73, 0x65,
    0x0a, 0x20, 0x20, 0x20, 0x20, 0x20, 0x20, 0x7d, 0x2c, 0x0a, 0x20, 0x20, 0x20, 0x20, 0x20, 0x20,
    0x22, 0x61, 0x73, 0x73, 0x75, 0x6d, 0x70, 0x74, 0x69, 0x6f, 0x6e, 0x73, 0x22, 0x3a, 0x20, 0x5b,
    0x5d, 0x2c, 0x0a, 0x20, 0x20, 0x20, 0x20, 0x20, 0x20, 0x22, 0x70, 0x61, 0x63, 0x6b, 0x61, 0x67,
    0x65, 0x22, 0x3a, 0x20, 0x22, 0x74, 0x61, 0x67, 0x67, 0x65, 0x64, 0x5f, 0x75, 0x72, 0x6e, 0x5f,
    0x66, 0x6f, 0x72, 0x6d, 0x61, 0x6c, 0x22, 0x2c, 0x0a, 0x20, 0x20, 0x20, 0x20, 0x20, 0x20, 0x22,
    0x66, 0x69, 0x6e, 0x67, 0x65, 0x72, 0x70, 0x72, 0x69, 0x6e, 0x74, 0x22, 0x3a, 0x20, 0x22, 0x35,
    0x64, 0x65, 0x39, 0x32, 0x38, 0x39, 0x62, 0x39, 0x38, 0x37, 0x37, 0x32, 0x61, 0x63, 0x63, 0x31,
    0x61, 0x33, 0x62, 0x64, 0x65, 0x62, 0x36, 0x66, 0x35, 0x34, 0x39, 0x30, 0x64, 0x63, 0x31, 0x37,
    0x35, 0x35, 0x34, 0x66, 0x33, 0x62, 0x38, 0x30, 0x65, 0x37, 0x30, 0x63, 0x63, 0x31, 0x31, 0x33,
    0x34, 0x62, 0x62, 0x61, 0x64, 0x34, 0x61, 0x37, 0x64, 0x65, 0x37, 0x38, 0x32, 0x64, 0x34, 0x22,
    0x2c, 0x0a, 0x20, 0x20, 0x20, 0x20, 0x20, 0x20, 0x22, 0x73, 0x6f, 0x75, 0x72, 0x63, 0x65, 0x22,
    0x3a, 0x20, 0x7b, 0x0a, 0x20, 0x20, 0x20, 0x20, 0x20, 0x20, 0x20, 0x20, 0x22, 0x70, 0x61, 0x63,
    0x6b, 0x61, 0x67, 0x65, 0x22, 0x3a, 0x20, 0x22, 0x74, 0x61, 0x67, 0x67, 0x65, 0x64, 0x5f, 0x75,
    0x72, 0x6e, 0x5f, 0x66, 0x6f, 0x72, 0x6d, 0x61, 0x6c, 0x22, 0x2c, 0x0a, 0x20, 0x20, 0x20, 0x20,
    0x20, 0x20, 0x20, 0x20, 0x22, 0x66, 0x69, 0x6c, 0x65, 0x22, 0x3a, 0x20, 0x22, 0x54, 0x61, 0x67,
    0x67, 0x65, 0x64, 0x55, 0x72, 0x6e, 0x2f, 0x45, 0x78, 0x65, 0x63, 0x2e, 0x6c, 0x65, 0x61, 0x6e,
    0x22, 0x2c, 0x0a, 0x20, 0x20, 0x20, 0x20, 0x20, 0x20, 0x20, 0x20, 0x22, 0x73, 0x74, 0x61, 0x72,
    0x74, 0x22, 0x3a, 0x20, 0x7b, 0x0a, 0x20, 0x20, 0x20, 0x20, 0x20, 0x20, 0x20, 0x20, 0x20, 0x20,
    0x22, 0x6c, 0x69, 0x6e, 0x65, 0x22, 0x3a, 0x20, 0x37, 0x31, 0x2c, 0x0a, 0x20, 0x20, 0x20, 0x20,
    0x20, 0x20, 0x20, 0x20, 0x20, 0x20, 0x22, 0x63, 0x6f, 0x6c, 0x75, 0x6d, 0x6e, 0x22, 0x3a, 0x20,
    0x31, 0x0a, 0x20, 0x20, 0x20, 0x20, 0x20, 0x20, 0x20, 0x20, 0x7d, 0x2c, 0x0a, 0x20, 0x20, 0x20,
    0x20, 0x20, 0x20, 0x20, 0x20, 0x22, 0x65, 0x6e, 0x64, 0x22, 0x3a, 0x20, 0x7b, 0x0a, 0x20, 0x20,
    0x20, 0x20, 0x20, 0x20, 0x20, 0x20, 0x20, 0x20, 0x22, 0x6c, 0x69, 0x6e, 0x65, 0x22, 0x3a, 0x20,
    0x37, 0x32, 0x2c, 0x0a, 0x20, 0x20, 0x20, 0x20, 0x20, 0x20, 0x20, 0x20, 0x20, 0x20, 0x22, 0x63,
    0x6f, 0x6c, 0x75, 0x6d, 0x6e, 0x22, 0x3a, 0x20, 0x37, 0x32, 0x0a, 0x20, 0x20, 0x20, 0x20, 0x20,
    0x20, 0x20, 0x20, 0x7d, 0x0a, 0x20, 0x20, 0x20, 0x20, 0x20, 0x20, 0x7d, 0x0a, 0x20, 0x20, 0x20,
    0x20, 0x7d, 0x2c, 0x0a, 0x20, 0x20, 0x20, 0x20, 0x7b, 0x0a, 0x20, 0x20, 0x20, 0x20, 0x20, 0x20,
    0x22, 0x6e, 0x61, 0x6d, 0x65, 0x22, 0x3a, 0x20, 0x22, 0x54, 0x61, 0x67, 0x67, 0x65, 0x64, 0x55,
    0x72, 0x6e, 0x2e, 0x45, 0x78, 0x65, 0x63, 0x2e, 0x76, 0x61, 0x6c, 0x75, 0x65, 0x73, 0x4d, 0x61,
    0x74, 0x63, 0x68, 0x43, 0x6c, 0x6f, 0x73, 0x65, 0x64, 0x5f, 0x64, 0x65, 0x63, 0x69, 0x64, 0x65,
    0x73, 0x22, 0x2c, 0x0a, 0x20, 0x20, 0x20, 0x20, 0x20, 0x20, 0x22, 0x72, 0x65, 0x6c, 0x61, 0x74,
    0x69, 0x6f, 0x6e, 0x22, 0x3a, 0x20, 0x22, 0x6c, 0x75, 0x6e, 0x67, 0x6f, 0x2e, 0x64, 0x65, 0x63,
    0x69, 0x64, 0x65, 0x73, 0x22, 0x2c, 0x0a, 0x20, 0x20, 0x20, 0x20, 0x20, 0x20, 0x22, 0x73, 0x75,
    0x62, 0x6a, 0x65, 0x63, 0x74, 0x73, 0x22, 0x3a, 0x20, 0x5b, 0x0a, 0x20, 0x20, 0x20, 0x20, 0x20,
    0x20, 0x20, 0x20, 0x22, 0x54, 0x61, 0x67, 0x67, 0x65, 0x64, 0x55, 0x72, 0x6e, 0x2e, 0x45, 0x78,
    0x65, 0x63, 0x2e, 0x76, 0x61, 0x6c, 0x75, 0x65, 0x73, 0x4d, 0x61, 0x74, 0x63, 0x68, 0x43, 0x6c,
    0x6f, 0x73, 0x65, 0x64, 0x22, 0x0a, 0x20, 0x20, 0x20, 0x20, 0x20, 0x20, 0x5d, 0x2c, 0x0a, 0x20,
    0x20, 0x20, 0x20, 0x20, 0x20, 0x22, 0x73, 0x70, 0x65, 0x63, 0x69, 0x66, 0x69, 0x63, 0x61, 0x74,
    0x69, 0x6f, 0x6e, 0x73, 0x22, 0x3a, 0x20, 0x5b, 0x0a, 0x20, 0x20, 0x20, 0x20, 0x20, 0x20, 0x20,
    0x20, 0x22, 0x54, 0x61, 0x67, 0x67, 0x65, 0x64, 0x55, 0x72, 0x6e, 0x2e, 0x43, 0x6f, 0x6e, 0x73,
    0x74, 0x72, 0x61, 0x69, 0x6e, 0x74, 0x2e, 0x61, 0x6c, 0x6c, 0x6f, 0x77, 0x73, 0x22, 0x0a, 0x20,
    0x20, 0x20, 0x20, 0x20, 0x20, 0x5d, 0x2c, 0x0a, 0x20, 0x20, 0x20, 0x20, 0x20, 0x20, 0x22, 0x73,
    0x74, 0x61, 0x74, 0x65, 0x6d, 0x65, 0x6e, 0x74, 0x22, 0x3a, 0x20, 0x22, 0xe2, 0x88, 0x80, 0x20,
    0x28, 0x69, 0x20, 0x70, 0x20, 0x3a, 0x20, 0x54, 0x61, 0x67, 0x67, 0x65, 0x64, 0x55, 0x72, 0x6e,
    0x2e, 0x43, 0x6f, 0x6e, 0x73, 0x74, 0x72, 0x61, 0x69, 0x6e, 0x74, 0x29, 0x2c, 0x5c, 0x6e, 0x20,
    0x20, 0x54, 0x61, 0x67, 0x67, 0x65, 0x64, 0x55, 0x72, 0x6e, 0x2e, 0x45, 0x78, 0x65, 0x63, 0x2e,
    0x76, 0x61, 0x6c, 0x75, 0x65, 0x73, 0x4d, 0x61, 0x74, 0x63, 0x68, 0x43, 0x6c, 0x6f, 0x73, 0x65,
    0x64, 0x20, 0x69, 0x20, 0x70, 0x20, 0x3d, 0x20, 0x74, 0x72, 0x75, 0x65, 0x20, 0xe2, 0x86, 0x94,
    0x20, 0xe2, 0x88, 0x80, 0x20, 0x28, 0x73, 0x20, 0x3a, 0x20, 0x54, 0x61, 0x67, 0x67, 0x65, 0x64,
    0x55, 0x72, 0x6e, 0x2e, 0x4b, 0x65, 0x79, 0x53, 0x74, 0x61, 0x74, 0x65, 0x29, 0x2c, 0x20, 0x69,
    0x2e, 0x63, 0x6c, 0x6f, 0x73, 0x65, 0x64, 0x2e, 0x61, 0x6c, 0x6c, 0x6f, 0x77, 0x73, 0x20, 0x73,
    0x20, 0xe2, 0x86, 0x92, 0x20, 0x70, 0x2e, 0x61, 0x6c, 0x6c, 0x6f, 0x77, 0x73, 0x20, 0x73, 0x22,
    0x2c, 0x0a, 0x20, 0x20, 0x20, 0x20, 0x20, 0x20, 0x22, 0x73, 0x74, 0x61, 0x74, 0x75, 0x73, 0x22,
    0x3a, 0x20, 0x22, 0x70, 0x72, 0x6f, 0x76, 0x65, 0x64, 0x22, 0x2c, 0x0a, 0x20, 0x20, 0x20, 0x20,
    0x20, 0x20, 0x22, 0x65, 0x76, 0x69, 0x64, 0x65, 0x6e, 0x63, 0x65, 0x5f, 0x74, 0x72, 0x75, 0x73,
    0x74, 0x22, 0x3a, 0x20, 0x7b, 0x0a, 0x20, 0x20, 0x20, 0x20, 0x20, 0x20, 0x20, 0x20, 0x22, 0x61,
    0x78, 0x69, 0x6f, 0x6d, 0x73, 0x22, 0x3a, 0x20, 0x5b, 0x0a, 0x20, 0x20, 0x20, 0x20, 0x20, 0x20,
    0x20, 0x20, 0x20, 0x20, 0x22, 0x43, 0x6c, 0x61, 0x73, 0x73, 0x69, 0x63, 0x61, 0x6c, 0x2e, 0x63,
    0x68, 0x6f, 0x69, 0x63, 0x65, 0x22, 0x2c, 0x0a, 0x20, 0x20, 0x20, 0x20, 0x20, 0x20, 0x20, 0x20,
    0x20, 0x20, 0x22, 0x51, 0x75, 0x6f, 0x74, 0x2e, 0x73, 0x6f, 0x75, 0x6e, 0x64, 0x22, 0x2c, 0x0a,
    0x20, 0x20, 0x20, 0x20, 0x20, 0x20, 0x20, 0x20, 0x20, 0x20, 0x22, 0x70, 0x72, 0x6f, 0x70, 0x65,
    0x78, 0x74, 0x22, 0x0a, 0x20, 0x20, 0x20, 0x20, 0x20, 0x20, 0x20, 0x20, 0x5d, 0x2c, 0x0a, 0x20,
    0x20, 0x20, 0x20, 0x20, 0x20, 0x20, 0x20, 0x22, 0x64, 0x65, 0x70, 0x65, 0x6e, 0x64, 0x73, 0x5f,
    0x6f, 0x6e, 0x5f, 0x73, 0x6f, 0x72, 0x72, 0x79, 0x22, 0x3a, 0x20, 0x66, 0x61, 0x6c, 0x73, 0x65,
    0x0a, 0x20, 0x20, 0x20, 0x20, 0x20, 0x20, 0x7d, 0x2c, 0x0a, 0x20, 0x20, 0x20, 0x20, 0x20, 0x20,
    0x22, 0x61, 0x73, 0x73, 0x75, 0x6d, 0x70, 0x74, 0x69, 0x6f, 0x6e, 0x73, 0x22, 0x3a, 0x20, 0x5b,
    0x5d, 0x2c, 0x0a, 0x20, 0x20, 0x20, 0x20, 0x20, 0x20, 0x22, 0x70, 0x61, 0x63, 0x6b, 0x61, 0x67,
    0x65, 0x22, 0x3a, 0x20, 0x22, 0x74, 0x61, 0x67, 0x67, 0x65, 0x64, 0x5f, 0x75, 0x72, 0x6e, 0x5f,
    0x66, 0x6f, 0x72, 0x6d, 0x61, 0x6c, 0x22, 0x2c, 0x0a, 0x20, 0x20, 0x20, 0x20, 0x20, 0x20, 0x22,
    0x66, 0x69, 0x6e, 0x67, 0x65, 0x72, 0x70, 0x72, 0x69, 0x6e, 0x74, 0x22, 0x3a, 0x20, 0x22, 0x37,
    0x30, 0x66, 0x65, 0x39, 0x34, 0x66, 0x61, 0x38, 0x31, 0x63, 0x34, 0x38, 0x65, 0x63, 0x66, 0x63,
    0x39, 0x30, 0x31, 0x66, 0x35, 0x39, 0x66, 0x65, 0x64, 0x62, 0x30, 0x65, 0x61, 0x63, 0x31, 0x38,
    0x32, 0x34, 0x39, 0x34, 0x39, 0x30, 0x31, 0x61, 0x38, 0x33, 0x61, 0x65, 0x31, 0x35, 0x65, 0x32,
    0x64, 0x62, 0x66, 0x37, 0x36, 0x37, 0x39, 0x38, 0x35, 0x63, 0x31, 0x63, 0x34, 0x36, 0x38, 0x22,
    0x2c, 0x0a, 0x20, 0x20, 0x20, 0x20, 0x20, 0x20, 0x22, 0x73, 0x6f, 0x75, 0x72, 0x63, 0x65, 0x22,
    0x3a, 0x20, 0x7b, 0x0a, 0x20, 0x20, 0x20, 0x20, 0x20, 0x20, 0x20, 0x20, 0x22, 0x70, 0x61, 0x63,
    0x6b, 0x61, 0x67, 0x65, 0x22, 0x3a, 0x20, 0x22, 0x74, 0x61, 0x67, 0x67, 0x65, 0x64, 0x5f, 0x75,
    0x72, 0x6e, 0x5f, 0x66, 0x6f, 0x72, 0x6d, 0x61, 0x6c, 0x22, 0x2c, 0x0a, 0x20, 0x20, 0x20, 0x20,
    0x20, 0x20, 0x20, 0x20, 0x22, 0x66, 0x69, 0x6c, 0x65, 0x22, 0x3a, 0x20, 0x22, 0x54, 0x61, 0x67,
    0x67, 0x65, 0x64, 0x55, 0x72, 0x6e, 0x2f, 0x45, 0x78, 0x65, 0x63, 0x2e, 0x6c, 0x65, 0x61, 0x6e,
    0x22, 0x2c, 0x0a, 0x20, 0x20, 0x20, 0x20, 0x20, 0x20, 0x20, 0x20, 0x22, 0x73, 0x74, 0x61, 0x72,
    0x74, 0x22, 0x3a, 0x20, 0x7b, 0x0a, 0x20, 0x20, 0x20, 0x20, 0x20, 0x20, 0x20, 0x20, 0x20, 0x20,
    0x22, 0x6c, 0x69, 0x6e, 0x65, 0x22, 0x3a, 0x20, 0x31, 0x32, 0x30, 0x2c, 0x0a, 0x20, 0x20, 0x20,
    0x20, 0x20, 0x20, 0x20, 0x20, 0x20, 0x20, 0x22, 0x63, 0x6f, 0x6c, 0x75, 0x6d, 0x6e, 0x22, 0x3a,
    0x20, 0x31, 0x0a, 0x20, 0x20, 0x20, 0x20, 0x20, 0x20, 0x20, 0x20, 0x7d, 0x2c, 0x0a, 0x20, 0x20,
    0x20, 0x20, 0x20, 0x20, 0x20, 0x20, 0x22, 0x65, 0x6e, 0x64, 0x22, 0x3a, 0x20, 0x7b, 0x0a, 0x20,
    0x20, 0x20, 0x20, 0x20, 0x20, 0x20, 0x20, 0x20, 0x20, 0x22, 0x6c, 0x69, 0x6e, 0x65, 0x22, 0x3a,
    0x20, 0x31, 0x32, 0x33, 0x2c, 0x0a, 0x20, 0x20, 0x20, 0x20, 0x20, 0x20, 0x20, 0x20, 0x20, 0x20,
    0x22, 0x63, 0x6f, 0x6c, 0x75, 0x6d, 0x6e, 0x22, 0x3a, 0x20, 0x33, 0x33, 0x0a, 0x20, 0x20, 0x20,
    0x20, 0x20, 0x20, 0x20, 0x20, 0x7d, 0x0a, 0x20, 0x20, 0x20, 0x20, 0x20, 0x20, 0x7d, 0x0a, 0x20,
    0x20, 0x20, 0x20, 0x7d, 0x2c, 0x0a, 0x20, 0x20, 0x20, 0x20, 0x7b, 0x0a, 0x20, 0x20, 0x20, 0x20,
    0x20, 0x20, 0x22, 0x6e, 0x61, 0x6d, 0x65, 0x22, 0x3a, 0x20, 0x22, 0x54, 0x61, 0x67, 0x67, 0x65,
    0x64, 0x55, 0x72, 0x6e, 0x2e, 0x45, 0x78, 0x65, 0x63, 0x2e, 0x76, 0x61, 0x6c, 0x75, 0x65, 0x73,
    0x4d, 0x61, 0x74, 0x63, 0x68, 0x5f, 0x64, 0x65, 0x63, 0x69, 0x64, 0x65, 0x73, 0x22, 0x2c, 0x0a,
    0x20, 0x20, 0x20, 0x20, 0x20, 0x20, 0x22, 0x72, 0x65, 0x6c, 0x61, 0x74, 0x69, 0x6f, 0x6e, 0x22,
    0x3a, 0x20, 0x22, 0x6c, 0x75, 0x6e, 0x67, 0x6f, 0x2e, 0x64, 0x65, 0x63, 0x69, 0x64, 0x65, 0x73,
    0x22, 0x2c, 0x0a, 0x20, 0x20, 0x20, 0x20, 0x20, 0x20, 0x22, 0x73, 0x75, 0x62, 0x6a, 0x65, 0x63,
    0x74, 0x73, 0x22, 0x3a, 0x20, 0x5b, 0x0a, 0x20, 0x20, 0x20, 0x20, 0x20, 0x20, 0x20, 0x20, 0x22,
    0x54, 0x61, 0x67, 0x67, 0x65, 0x64, 0x55, 0x72, 0x6e, 0x2e, 0x45, 0x78, 0x65, 0x63, 0x2e, 0x76,
    0x61, 0x6c, 0x75, 0x65, 0x73, 0x4d, 0x61, 0x74, 0x63, 0x68, 0x22, 0x0a, 0x20, 0x20, 0x20, 0x20,
    0x20, 0x20, 0x5d, 0x2c, 0x0a, 0x20, 0x20, 0x20, 0x20, 0x20, 0x20, 0x22, 0x73, 0x70, 0x65, 0x63,
    0x69, 0x66, 0x69, 0x63, 0x61, 0x74, 0x69, 0x6f, 0x6e, 0x73, 0x22, 0x3a, 0x20, 0x5b, 0x0a, 0x20,
    0x20, 0x20, 0x20, 0x20, 0x20, 0x20, 0x20, 0x22, 0x54, 0x61, 0x67, 0x67, 0x65, 0x64, 0x55, 0x72,
    0x6e, 0x2e, 0x43, 0x6f, 0x6e, 0x73, 0x74, 0x72, 0x61, 0x69, 0x6e, 0x74, 0x2e, 0x61, 0x6c, 0x6c,
    0x6f, 0x77, 0x73, 0x22, 0x0a, 0x20, 0x20, 0x20, 0x20, 0x20, 0x20, 0x5d, 0x2c, 0x0a, 0x20, 0x20,
    0x20, 0x20, 0x20, 0x20, 0x22, 0x73, 0x74, 0x61, 0x74, 0x65, 0x6d, 0x65, 0x6e, 0x74, 0x22, 0x3a,
    0x20, 0x22, 0xe2, 0x88, 0x80, 0x20, 0x28, 0x69, 0x20, 0x70, 0x20, 0x3a, 0x20, 0x54, 0x61, 0x67,
    0x67, 0x65, 0x64, 0x55, 0x72, 0x6e, 0x2e, 0x43, 0x6f, 0x6e, 0x73, 0x74, 0x72, 0x61, 0x69, 0x6e,
    0x74, 0x29, 0x2c, 0x5c, 0x6e, 0x20, 0x20, 0x54, 0x61, 0x67, 0x67, 0x65, 0x64, 0x55, 0x72, 0x6e,
    0x2e, 0x45, 0x78, 0x65, 0x63, 0x2e, 0x76, 0x61, 0x6c, 0x75, 0x65, 0x73, 0x4d, 0x61, 0x74, 0x63,
    0x68, 0x20, 0x69, 0x20, 0x70, 0x20, 0x3d, 0x20, 0x74, 0x72, 0x75, 0x65, 0x20, 0xe2, 0x86, 0x94,
    0x20, 0xe2, 0x88, 0x80, 0x20, 0x28, 0x73, 0x20, 0x3a, 0x20, 0x54, 0x61, 0x67, 0x67, 0x65, 0x64,
    0x55, 0x72, 0x6e, 0x2e, 0x4b, 0x65, 0x79, 0x53, 0x74, 0x61, 0x74, 0x65, 0x29, 0x2c, 0x20, 0x69,
    0x2e, 0x61, 0x6c, 0x6c, 0x6f, 0x77, 0x73, 0x20, 0x73, 0x20, 0xe2, 0x86, 0x92, 0x20, 0x70, 0x2e,
    0x61, 0x6c, 0x6c, 0x6f, 0x77, 0x73, 0x20, 0x73, 0x22, 0x2c, 0x0a, 0x20, 0x20, 0x20, 0x20, 0x20,
    0x20, 0x22, 0x73, 0x74, 0x61, 0x74, 0x75, 0x73, 0x22, 0x3a, 0x20, 0x22, 0x70, 0x72, 0x6f, 0x76,
    0x65, 0x64, 0x22, 0x2c, 0x0a, 0x20, 0x20, 0x20, 0x20, 0x20, 0x20, 0x22, 0x65, 0x76, 0x69, 0x64,
    0x65, 0x6e, 0x63, 0x65, 0x5f, 0x74, 0x72, 0x75, 0x73, 0x74, 0x22, 0x3a, 0x20, 0x7b, 0x0a, 0x20,
    0x20, 0x20, 0x20, 0x20, 0x20, 0x20, 0x20, 0x22, 0x61, 0x78, 0x69, 0x6f, 0x6d, 0x73, 0x22, 0x3a,
    0x20, 0x5b, 0x0a, 0x20, 0x20, 0x20, 0x20, 0x20, 0x20, 0x20, 0x20, 0x20, 0x20, 0x22, 0x43, 0x6c,
    0x61, 0x73, 0x73, 0x69, 0x63, 0x61, 0x6c, 0x2e, 0x63, 0x68, 0x6f, 0x69, 0x63, 0x65, 0x22, 0x2c,
    0x0a, 0x20, 0x20, 0x20, 0x20, 0x20, 0x20, 0x20, 0x20, 0x20, 0x20, 0x22, 0x51, 0x75, 0x6f, 0x74,
    0x2e, 0x73, 0x6f, 0x75, 0x6e, 0x64, 0x22, 0x2c, 0x0a, 0x20, 0x20, 0x20, 0x20, 0x20, 0x20, 0x20,
    0x20, 0x20, 0x20, 0x22, 0x70, 0x72, 0x6f, 0x70, 0x65, 0x78, 0x74, 0x22, 0x0a, 0x20, 0x20, 0x20,
    0x20, 0x20, 0x20, 0x20, 0x20, 0x5d, 0x2c, 0x0a, 0x20, 0x20, 0x20, 0x20, 0x20, 0x20, 0x20, 0x20,
    0x22, 0x64, 0x65, 0x70, 0x65, 0x6e, 0x64, 0x73, 0x5f, 0x6f, 0x6e, 0x5f, 0x73, 0x6f, 0x72, 0x72,
    0x79, 0x22, 0x3a, 0x20, 0x66, 0x61, 0x6c, 0x73, 0x65, 0x0a, 0x20, 0x20, 0x20, 0x20, 0x20, 0x20,
    0x7d, 0x2c, 0x0a, 0x20, 0x20, 0x20, 0x20, 0x20, 0x20, 0x22, 0x61, 0x73, 0x73, 0x75, 0x6d, 0x70,
    0x74, 0x69, 0x6f, 0x6e, 0x73, 0x22, 0x3a, 0x20, 0x5b, 0x5d, 0x2c, 0x0a, 0x20, 0x20, 0x20, 0x20,
    0x20, 0x20, 0x22, 0x70, 0x61, 0x63, 0x6b, 0x61, 0x67, 0x65, 0x22, 0x3a, 0x20, 0x22, 0x74, 0x61,
    0x67, 0x67, 0x65, 0x64, 0x5f, 0x75, 0x72, 0x6e, 0x5f, 0x66, 0x6f, 0x72, 0x6d, 0x61, 0x6c, 0x22,
    0x2c, 0x0a, 0x20, 0x20, 0x20, 0x20, 0x20, 0x20, 0x22, 0x66, 0x69, 0x6e, 0x67, 0x65, 0x72, 0x70,
    0x72, 0x69, 0x6e, 0x74, 0x22, 0x3a, 0x20, 0x22, 0x66, 0x32, 0x30, 0x33, 0x36, 0x31, 0x35, 0x65,
    0x30, 0x61, 0x38, 0x66, 0x30, 0x64, 0x66, 0x31, 0x61, 0x38, 0x62, 0x66, 0x31, 0x38, 0x66, 0x65,
    0x66, 0x31, 0x61, 0x66, 0x37, 0x32, 0x61, 0x33, 0x31, 0x35, 0x34, 0x63, 0x63, 0x31, 0x62, 0x66,
    0x31, 0x37, 0x36, 0x30, 0x38, 0x34, 0x38, 0x63, 0x31, 0x31, 0x62, 0x31, 0x35, 0x30, 0x32, 0x62,
    0x35, 0x64, 0x38, 0x39, 0x62, 0x31, 0x62, 0x62, 0x22, 0x2c, 0x0a, 0x20, 0x20, 0x20, 0x20, 0x20,
    0x20, 0x22, 0x73, 0x6f, 0x75, 0x72, 0x63, 0x65, 0x22, 0x3a, 0x20, 0x7b, 0x0a, 0x20, 0x20, 0x20,
    0x20, 0x20, 0x20, 0x20, 0x20, 0x22, 0x70, 0x61, 0x63, 0x6b, 0x61, 0x67, 0x65, 0x22, 0x3a, 0x20,
    0x22, 0x74, 0x61, 0x67, 0x67, 0x65, 0x64, 0x5f, 0x75, 0x72, 0x6e, 0x5f, 0x66, 0x6f, 0x72, 0x6d,
    0x61, 0x6c, 0x22, 0x2c, 0x0a, 0x20, 0x20, 0x20, 0x20, 0x20, 0x20, 0x20, 0x20, 0x22, 0x66, 0x69,
    0x6c, 0x65, 0x22, 0x3a, 0x20, 0x22, 0x54, 0x61, 0x67, 0x67, 0x65, 0x64, 0x55, 0x72, 0x6e, 0x2f,
    0x45, 0x78, 0x65, 0x63, 0x2e, 0x6c, 0x65, 0x61, 0x6e, 0x22, 0x2c, 0x0a, 0x20, 0x20, 0x20, 0x20,
    0x20, 0x20, 0x20, 0x20, 0x22, 0x73, 0x74, 0x61, 0x72, 0x74, 0x22, 0x3a, 0x20, 0x7b, 0x0a, 0x20,
    0x20, 0x20, 0x20, 0x20, 0x20, 0x20, 0x20, 0x20, 0x20, 0x22, 0x6c, 0x69, 0x6e, 0x65, 0x22, 0x3a,
    0x20, 0x37, 0x37, 0x2c, 0x0a, 0x20, 0x20, 0x20, 0x20, 0x20, 0x20, 0x20, 0x20, 0x20, 0x20, 0x22,
    0x63, 0x6f, 0x6c, 0x75, 0x6d, 0x6e, 0x22, 0x3a, 0x20, 0x31, 0x0a, 0x20, 0x20, 0x20, 0x20, 0x20,
    0x20, 0x20, 0x20, 0x7d, 0x2c, 0x0a, 0x20, 0x20, 0x20, 0x20, 0x20, 0x20, 0x20, 0x20, 0x22, 0x65,
    0x6e, 0x64, 0x22, 0x3a, 0x20, 0x7b, 0x0a, 0x20, 0x20, 0x20, 0x20, 0x20, 0x20, 0x20, 0x20, 0x20,
    0x20, 0x22, 0x6c, 0x69, 0x6e, 0x65, 0x22, 0x3a, 0x20, 0x37, 0x39, 0x2c, 0x0a, 0x20, 0x20, 0x20,
    0x20, 0x20, 0x20, 0x20, 0x20, 0x20, 0x20, 0x22, 0x63, 0x6f, 0x6c, 0x75, 0x6d, 0x6e, 0x22, 0x3a,
    0x20, 0x38, 0x35, 0x0a, 0x20, 0x20, 0x20, 0x20, 0x20, 0x20, 0x20, 0x20, 0x7d, 0x0a, 0x20, 0x20,
    0x20, 0x20, 0x20, 0x20, 0x7d, 0x0a, 0x20, 0x20, 0x20, 0x20, 0x7d, 0x2c, 0x0a, 0x20, 0x20, 0x20,
    0x20, 0x7b, 0x0a, 0x20, 0x20, 0x20, 0x20, 0x20, 0x20, 0x22, 0x6e, 0x61, 0x6d, 0x65, 0x22, 0x3a,
    0x20, 0x22, 0x54, 0x61, 0x67, 0x67, 0x65, 0x64, 0x55, 0x72, 0x6e, 0x2e, 0x45, 0x78, 0x65, 0x63,
    0x2e, 0x76, 0x61, 0x6c, 0x75, 0x65, 0x73, 0x4d, 0x65, 0x65, 0x74, 0x5f, 0x64, 0x65, 0x63, 0x69,
    0x64, 0x65, 0x73, 0x22, 0x2c, 0x0a, 0x20, 0x20, 0x20, 0x20, 0x20, 0x20, 0x22, 0x72, 0x65, 0x6c,
    0x61, 0x74, 0x69, 0x6f, 0x6e, 0x22, 0x3a, 0x20, 0x22, 0x6c, 0x75, 0x6e, 0x67, 0x6f, 0x2e, 0x64,
    0x65, 0x63, 0x69, 0x64, 0x65, 0x73, 0x22, 0x2c, 0x0a, 0x20, 0x20, 0x20, 0x20, 0x20, 0x20, 0x22,
    0x73, 0x75, 0x62, 0x6a, 0x65, 0x63, 0x74, 0x73, 0x22, 0x3a, 0x20, 0x5b, 0x0a, 0x20, 0x20, 0x20,
    0x20, 0x20, 0x20, 0x20, 0x20, 0x22, 0x54, 0x61, 0x67, 0x67, 0x65, 0x64, 0x55, 0x72, 0x6e, 0x2e,
    0x45, 0x78, 0x65, 0x63, 0x2e, 0x76, 0x61, 0x6c, 0x75, 0x65, 0x73, 0x4d, 0x65, 0x65, 0x74, 0x22,
    0x0a, 0x20, 0x20, 0x20, 0x20, 0x20, 0x20, 0x5d, 0x2c, 0x0a, 0x20, 0x20, 0x20, 0x20, 0x20, 0x20,
    0x22, 0x73, 0x70, 0x65, 0x63, 0x69, 0x66, 0x69, 0x63, 0x61, 0x74, 0x69, 0x6f, 0x6e, 0x73, 0x22,
    0x3a, 0x20, 0x5b, 0x0a, 0x20, 0x20, 0x20, 0x20, 0x20, 0x20, 0x20, 0x20, 0x22, 0x54, 0x61, 0x67,
    0x67, 0x65, 0x64, 0x55, 0x72, 0x6e, 0x2e, 0x43, 0x6f, 0x6e, 0x73, 0x74, 0x72, 0x61, 0x69, 0x6e,
    0x74, 0x2e, 0x61, 0x6c, 0x6c, 0x6f, 0x77, 0x73, 0x22, 0x0a, 0x20, 0x20, 0x20, 0x20, 0x20, 0x20,
    0x5d, 0x2c, 0x0a, 0x20, 0x20, 0x20, 0x20, 0x20, 0x20, 0x22, 0x73, 0x74, 0x61, 0x74, 0x65, 0x6d,
    0x65, 0x6e, 0x74, 0x22, 0x3a, 0x20, 0x22, 0xe2, 0x88, 0x80, 0x20, 0x28, 0x61, 0x20, 0x62, 0x20,
    0x3a, 0x20, 0x54, 0x61, 0x67, 0x67, 0x65, 0x64, 0x55, 0x72, 0x6e, 0x2e, 0x43, 0x6f, 0x6e, 0x73,
    0x74, 0x72, 0x61, 0x69, 0x6e, 0x74, 0x29, 0x2c, 0x20, 0x54, 0x61, 0x67, 0x67, 0x65, 0x64, 0x55,
    0x72, 0x6e, 0x2e, 0x45, 0x78, 0x65, 0x63, 0x2e, 0x76, 0x61, 0x6c, 0x75, 0x65, 0x73, 0x4d, 0x65,
    0x65, 0x74, 0x20, 0x61, 0x20, 0x62, 0x20, 0x3d, 0x20, 0x74, 0x72, 0x75, 0x65, 0x20, 0xe2, 0x86,
    0x94, 0x20, 0xe2, 0x88, 0x83, 0x20, 0x73, 0x2c, 0x20, 0x61, 0x2e, 0x61, 0x6c, 0x6c, 0x6f, 0x77,
    0x73, 0x20, 0x73, 0x20, 0xe2, 0x88, 0xa7, 0x20, 0x62, 0x2e, 0x61, 0x6c, 0x6c, 0x6f, 0x77, 0x73,
    0x20, 0x73, 0x22, 0x2c, 0x0a, 0x20, 0x20, 0x20, 0x20, 0x20, 0x20, 0x22, 0x73, 0x74, 0x61, 0x74,
    0x75, 0x73, 0x22, 0x3a, 0x20, 0x22, 0x70, 0x72, 0x6f, 0x76, 0x65, 0x64, 0x22, 0x2c, 0x0a, 0x20,
    0x20, 0x20, 0x20, 0x20, 0x20, 0x22, 0x65, 0x76, 0x69, 0x64, 0x65, 0x6e, 0x63, 0x65, 0x5f, 0x74,
    0x72, 0x75, 0x73, 0x74, 0x22, 0x3a, 0x20, 0x7b, 0x0a, 0x20, 0x20, 0x20, 0x20, 0x20, 0x20, 0x20,
    0x20, 0x22, 0x61, 0x78, 0x69, 0x6f, 0x6d, 0x73, 0x22, 0x3a, 0x20, 0x5b, 0x0a, 0x20, 0x20, 0x20,
    0x20, 0x20, 0x20, 0x20, 0x20, 0x20, 0x20, 0x22, 0x43, 0x6c, 0x61, 0x73, 0x73, 0x69, 0x63, 0x61,
    0x6c, 0x2e, 0x63, 0x68, 0x6f, 0x69, 0x63, 0x65, 0x22, 0x2c, 0x0a, 0x20, 0x20, 0x20, 0x20, 0x20,
    0x20, 0x20, 0x20, 0x20, 0x20, 0x22, 0x51, 0x75, 0x6f, 0x74, 0x2e, 0x73, 0x6f, 0x75, 0x6e, 0x64,
    0x22, 0x2c, 0x0a, 0x20, 0x20, 0x20, 0x20, 0x20, 0x20, 0x20, 0x20, 0x20, 0x20, 0x22, 0x70, 0x72,
    0x6f, 0x70, 0x65, 0x78, 0x74, 0x22, 0x0a, 0x20, 0x20, 0x20, 0x20, 0x20, 0x20, 0x20, 0x20, 0x5d,
    0x2c, 0x0a, 0x20, 0x20, 0x20, 0x20, 0x20, 0x20, 0x20, 0x20, 0x22, 0x64, 0x65, 0x70, 0x65, 0x6e,
    0x64, 0x73, 0x5f, 0x6f, 0x6e, 0x5f, 0x73, 0x6f, 0x72, 0x72, 0x79, 0x22, 0x3a, 0x20, 0x66, 0x61,
    0x6c, 0x73, 0x65, 0x0a, 0x20, 0x20, 0x20, 0x20, 0x20, 0x20, 0x7d, 0x2c, 0x0a, 0x20, 0x20, 0x20,
    0x20, 0x20, 0x20, 0x22, 0x61, 0x73, 0x73, 0x75, 0x6d, 0x70, 0x74, 0x69, 0x6f, 0x6e, 0x73, 0x22,
    0x3a, 0x20, 0x5b, 0x5d, 0x2c, 0x0a, 0x20, 0x20, 0x20, 0x20, 0x20, 0x20, 0x22, 0x70, 0x61, 0x63,
    0x6b, 0x61, 0x67, 0x65, 0x22, 0x3a, 0x20, 0x22, 0x74, 0x61, 0x67, 0x67, 0x65, 0x64, 0x5f, 0x75,
    0x72, 0x6e, 0x5f, 0x66, 0x6f, 0x72, 0x6d, 0x61, 0x6c, 0x22, 0x2c, 0x0a, 0x20, 0x20, 0x20, 0x20,
    0x20, 0x20, 0x22, 0x66, 0x69, 0x6e, 0x67, 0x65, 0x72, 0x70, 0x72, 0x69, 0x6e, 0x74, 0x22, 0x3a,
    0x20, 0x22, 0x66, 0x65, 0x39, 0x66, 0x30, 0x38, 0x35, 0x62, 0x36, 0x37, 0x36, 0x63, 0x61, 0x32,
    0x38, 0x61, 0x36, 0x32, 0x61, 0x62, 0x63, 0x31, 0x33, 0x66, 0x65, 0x34, 0x36, 0x66, 0x61, 0x30,
    0x33, 0x61, 0x32, 0x37, 0x36, 0x31, 0x66, 0x36, 0x30, 0x34, 0x61, 0x38, 0x35, 0x31, 0x66, 0x66,
    0x62, 0x32, 0x36, 0x39, 0x38, 0x65, 0x61, 0x39, 0x62, 0x31, 0x37, 0x62, 0x66, 0x32, 0x35, 0x39,
    0x61, 0x63, 0x22, 0x2c, 0x0a, 0x20, 0x20, 0x20, 0x20, 0x20, 0x20, 0x22, 0x73, 0x6f, 0x75, 0x72,
    0x63, 0x65, 0x22, 0x3a, 0x20, 0x7b, 0x0a, 0x20, 0x20, 0x20, 0x20, 0x20, 0x20, 0x20, 0x20, 0x22,
    0x70, 0x61, 0x63, 0x6b, 0x61, 0x67, 0x65, 0x22, 0x3a, 0x20, 0x22, 0x74, 0x61, 0x67, 0x67, 0x65,
    0x64, 0x5f, 0x75, 0x72, 0x6e, 0x5f, 0x66, 0x6f, 0x72, 0x6d, 0x61, 0x6c, 0x22, 0x2c, 0x0a, 0x20,
    0x20, 0x20, 0x20, 0x20, 0x20, 0x20, 0x20, 0x22, 0x66, 0x69, 0x6c, 0x65, 0x22, 0x3a, 0x20, 0x22,
    0x54, 0x61, 0x67, 0x67, 0x65, 0x64, 0x55, 0x72, 0x6e, 0x2f, 0x45, 0x78, 0x65, 0x63, 0x2e, 0x6c,
    0x65, 0x61, 0x6e, 0x22, 0x2c, 0x0a, 0x20, 0x20, 0x20, 0x20, 0x20, 0x20, 0x20, 0x20, 0x22, 0x73,
    0x74, 0x61, 0x72, 0x74, 0x22, 0x3a, 0x20, 0x7b, 0x0a, 0x20, 0x20, 0x20, 0x20, 0x20, 0x20, 0x20,
    0x20, 0x20, 0x20, 0x22, 0x6c, 0x69, 0x6e, 0x65, 0x22, 0x3a, 0x20, 0x39, 0x32, 0x2c, 0x0a, 0x20,
    0x20, 0x20, 0x20, 0x20, 0x20, 0x20, 0x20, 0x20, 0x20, 0x22, 0x63, 0x6f, 0x6c, 0x75, 0x6d, 0x6e,
    0x22, 0x3a, 0x20, 0x31, 0x0a, 0x20, 0x20, 0x20, 0x20, 0x20, 0x20, 0x20, 0x20, 0x7d, 0x2c, 0x0a,
    0x20, 0x20, 0x20, 0x20, 0x20, 0x20, 0x20, 0x20, 0x22, 0x65, 0x6e, 0x64, 0x22, 0x3a, 0x20, 0x7b,
    0x0a, 0x20, 0x20, 0x20, 0x20, 0x20, 0x20, 0x20, 0x20, 0x20, 0x20, 0x22, 0x6c, 0x69, 0x6e, 0x65,
    0x22, 0x3a, 0x20, 0x39, 0x34, 0x2c, 0x0a, 0x20, 0x20, 0x20, 0x20, 0x20, 0x20, 0x20, 0x20, 0x20,
    0x20, 0x22, 0x63, 0x6f, 0x6c, 0x75, 0x6d, 0x6e, 0x22, 0x3a, 0x20, 0x38, 0x34, 0x0a, 0x20, 0x20,
    0x20, 0x20, 0x20, 0x20, 0x20, 0x20, 0x7d, 0x0a, 0x20, 0x20, 0x20, 0x20, 0x20, 0x20, 0x7d, 0x0a,
    0x20, 0x20, 0x20, 0x20, 0x7d, 0x0a, 0x20, 0x20, 0x5d, 0x2c, 0x0a, 0x20, 0x20, 0x22, 0x72, 0x6f,
    0x6c, 0x65, 0x73, 0x22, 0x3a, 0x20, 0x5b, 0x5d, 0x2c, 0x0a, 0x20, 0x20, 0x22, 0x65, 0x78, 0x70,
    0x6f, 0x72, 0x74, 0x73, 0x22, 0x3a, 0x20, 0x5b, 0x0a, 0x20, 0x20, 0x20, 0x20, 0x7b, 0x0a, 0x20,
    0x20, 0x20, 0x20, 0x20, 0x20, 0x22, 0x6e, 0x61, 0x6d, 0x65, 0x22, 0x3a, 0x20, 0x22, 0x54, 0x61,
    0x67, 0x67, 0x65, 0x64, 0x55, 0x72, 0x6e, 0x2e, 0x45, 0x78, 0x65, 0x63, 0x2e, 0x63, 0x6f, 0x6d,
    0x70, 0x61, 0x72, 0x61, 0x62, 0x6c, 0x65, 0x22, 0x2c, 0x0a, 0x20, 0x20, 0x20, 0x20, 0x20, 0x20,
    0x22, 0x6d, 0x6f, 0x64, 0x75, 0x6c, 0x65, 0x22, 0x3a, 0x20, 0x22, 0x54, 0x61, 0x67, 0x67, 0x65,
    0x64, 0x55, 0x72, 0x6e, 0x2e, 0x45, 0x78, 0x65, 0x63, 0x22, 0x2c, 0x0a, 0x20, 0x20, 0x20, 0x20,
    0x20, 0x20, 0x22, 0x61, 0x73, 0x79, 0x6e, 0x63, 0x22, 0x3a, 0x20, 0x66, 0x61, 0x6c, 0x73, 0x65,
    0x2c, 0x0a, 0x20, 0x20, 0x20, 0x20, 0x20, 0x20, 0x22, 0x74, 0x72, 0x75, 0x73, 0x74, 0x22, 0x3a,
    0x20, 0x7b, 0x0a, 0x20, 0x20, 0x20, 0x20, 0x20, 0x20, 0x20, 0x20, 0x22, 0x61, 0x78, 0x69, 0x6f,
    0x6d, 0x73, 0x22, 0x3a, 0x20, 0x5b, 0x0a, 0x20, 0x20, 0x20, 0x20, 0x20, 0x20, 0x20, 0x20, 0x20,
    0x20, 0x22, 0x43, 0x6c, 0x61, 0x73, 0x73, 0x69, 0x63, 0x61, 0x6c, 0x2e, 0x63, 0x68, 0x6f, 0x69,
    0x63, 0x65, 0x22, 0x2c, 0x0a, 0x20, 0x20, 0x20, 0x20, 0x20, 0x20, 0x20, 0x20, 0x20, 0x20, 0x22,
    0x51, 0x75, 0x6f, 0x74, 0x2e, 0x73, 0x6f, 0x75, 0x6e, 0x64, 0x22, 0x2c, 0x0a, 0x20, 0x20, 0x20,
    0x20, 0x20, 0x20, 0x20, 0x20, 0x20, 0x20, 0x22, 0x70, 0x72, 0x6f, 0x70, 0x65, 0x78, 0x74, 0x22,
    0x0a, 0x20, 0x20, 0x20, 0x20, 0x20, 0x20, 0x20, 0x20, 0x5d, 0x2c, 0x0a, 0x20, 0x20, 0x20, 0x20,
    0x20, 0x20, 0x20, 0x20, 0x22, 0x64, 0x65, 0x70, 0x65, 0x6e, 0x64, 0x73, 0x5f, 0x6f, 0x6e, 0x5f,
    0x73, 0x6f, 0x72, 0x72, 0x79, 0x22, 0x3a, 0x20, 0x66, 0x61, 0x6c, 0x73, 0x65, 0x2c, 0x0a, 0x20,
    0x20, 0x20, 0x20, 0x20, 0x20, 0x20, 0x20, 0x22, 0x75, 0x6e, 0x73, 0x61, 0x66, 0x65, 0x5f, 0x64,
    0x65, 0x70, 0x65, 0x6e, 0x64, 0x65, 0x6e, 0x63, 0x69, 0x65, 0x73, 0x22, 0x3a, 0x20, 0x5b, 0x5d,
    0x2c, 0x0a, 0x20, 0x20, 0x20, 0x20, 0x20, 0x20, 0x20, 0x20, 0x22, 0x70, 0x61, 0x72, 0x74, 0x69,
    0x61, 0x6c, 0x5f, 0x64, 0x65, 0x70, 0x65, 0x6e, 0x64, 0x65, 0x6e, 0x63, 0x69, 0x65, 0x73, 0x22,
    0x3a, 0x20, 0x5b, 0x5d, 0x2c, 0x0a, 0x20, 0x20, 0x20, 0x20, 0x20, 0x20, 0x20, 0x20, 0x22, 0x65,
    0x78, 0x74, 0x65, 0x72, 0x6e, 0x5f, 0x64, 0x65, 0x70, 0x65, 0x6e, 0x64, 0x65, 0x6e, 0x63, 0x69,
    0x65, 0x73, 0x22, 0x3a, 0x20, 0x5b, 0x0a, 0x20, 0x20, 0x20, 0x20, 0x20, 0x20, 0x20, 0x20, 0x20,
    0x20, 0x22, 0x6c, 0x65, 0x61, 0x6e, 0x5f, 0x73, 0x74, 0x72, 0x69, 0x6e, 0x67, 0x5f, 0x64, 0x65,
    0x63, 0x5f, 0x65, 0x71, 0x22, 0x2c, 0x0a, 0x20, 0x20, 0x20, 0x20, 0x20, 0x20, 0x20, 0x20, 0x20,
    0x20, 0x22, 0x6c, 0x65, 0x61, 0x6e, 0x5f, 0x73, 0x74, 0x72, 0x69, 0x6e, 0x67, 0x5f, 0x64, 0x65,
    0x63, 0x5f, 0x6c, 0x74, 0x22, 0x0a, 0x20, 0x20, 0x20, 0x20, 0x20, 0x20, 0x20, 0x20, 0x5d, 0x0a,
    0x20, 0x20, 0x20, 0x20, 0x20, 0x20, 0x7d, 0x2c, 0x0a, 0x20, 0x20, 0x20, 0x20, 0x20, 0x20, 0x22,
    0x63, 0x6c, 0x61, 0x69, 0x6d, 0x73, 0x22, 0x3a, 0x20, 0x5b, 0x0a, 0x20, 0x20, 0x20, 0x20, 0x20,
    0x20, 0x20, 0x20, 0x22, 0x54, 0x61, 0x67, 0x67, 0x65, 0x64, 0x55, 0x72, 0x6e, 0x2e, 0x45, 0x78,
    0x65, 0x63, 0x2e, 0x63, 0x6f, 0x6d, 0x70, 0x61, 0x72, 0x61, 0x62, 0x6c, 0x65, 0x5f, 0x64, 0x65,
    0x63, 0x69, 0x64, 0x65, 0x73, 0x22, 0x0a, 0x20, 0x20, 0x20, 0x20, 0x20, 0x20, 0x5d, 0x2c, 0x0a,
    0x20, 0x20, 0x20, 0x20, 0x20, 0x20, 0x22, 0x61, 0x73, 0x73, 0x75, 0x6d, 0x70, 0x74, 0x69, 0x6f,
    0x6e, 0x73, 0x22, 0x3a, 0x20, 0x5b, 0x5d, 0x2c, 0x0a, 0x20, 0x20, 0x20, 0x20, 0x20, 0x20, 0x22,
    0x66, 0x61, 0x63, 0x69, 0x6c, 0x69, 0x74, 0x69, 0x65, 0x73, 0x22, 0x3a, 0x20, 0x5b, 0x5d, 0x2c,
    0x0a, 0x20, 0x20, 0x20, 0x20, 0x20, 0x20, 0x22, 0x72, 0x6f, 0x6c, 0x65, 0x73, 0x22, 0x3a, 0x20,
    0x5b, 0x5d, 0x2c, 0x0a, 0x20, 0x20, 0x20, 0x20, 0x20, 0x20, 0x22, 0x73, 0x6f, 0x75, 0x72, 0x63,
    0x65, 0x22, 0x3a, 0x20, 0x7b, 0x0a, 0x20, 0x20, 0x20, 0x20, 0x20, 0x20, 0x20, 0x20, 0x22, 0x70,
    0x61, 0x63, 0x6b, 0x61, 0x67, 0x65, 0x22, 0x3a, 0x20, 0x22, 0x74, 0x61, 0x67, 0x67, 0x65, 0x64,
    0x5f, 0x75, 0x72, 0x6e, 0x5f, 0x66, 0x6f, 0x72, 0x6d, 0x61, 0x6c, 0x22, 0x2c, 0x0a, 0x20, 0x20,
    0x20, 0x20, 0x20, 0x20, 0x20, 0x20, 0x22, 0x66, 0x69, 0x6c, 0x65, 0x22, 0x3a, 0x20, 0x22, 0x54,
    0x61, 0x67, 0x67, 0x65, 0x64, 0x55, 0x72, 0x6e, 0x2f, 0x45, 0x78, 0x65, 0x63, 0x2e, 0x6c, 0x65,
    0x61, 0x6e, 0x22, 0x2c, 0x0a, 0x20, 0x20, 0x20, 0x20, 0x20, 0x20, 0x20, 0x20, 0x22, 0x73, 0x74,
    0x61, 0x72, 0x74, 0x22, 0x3a, 0x20, 0x7b, 0x0a, 0x20, 0x20, 0x20, 0x20, 0x20, 0x20, 0x20, 0x20,
    0x20, 0x20, 0x22, 0x6c, 0x69, 0x6e, 0x65, 0x22, 0x3a, 0x20, 0x36, 0x31, 0x2c, 0x0a, 0x20, 0x20,
    0x20, 0x20, 0x20, 0x20, 0x20, 0x20, 0x20, 0x20, 0x22, 0x63, 0x6f, 0x6c, 0x75, 0x6d, 0x6e, 0x22,
    0x3a, 0x20, 0x31, 0x0a, 0x20, 0x20, 0x20, 0x20, 0x20, 0x20, 0x20, 0x20, 0x7d, 0x2c, 0x0a, 0x20,
    0x20, 0x20, 0x20, 0x20, 0x20, 0x20, 0x20, 0x22, 0x65, 0x6e, 0x64, 0x22, 0x3a, 0x20, 0x7b, 0x0a,
    0x20, 0x20, 0x20, 0x20, 0x20, 0x20, 0x20, 0x20, 0x20, 0x20, 0x22, 0x6c, 0x69, 0x6e, 0x65, 0x22,
    0x3a, 0x20, 0x36, 0x31, 0x2c, 0x0a, 0x20, 0x20, 0x20, 0x20, 0x20, 0x20, 0x20, 0x20, 0x20, 0x20,
    0x22, 0x63, 0x6f, 0x6c, 0x75, 0x6d, 0x6e, 0x22, 0x3a, 0x20, 0x36, 0x33, 0x0a, 0x20, 0x20, 0x20,
    0x20, 0x20, 0x20, 0x20, 0x20, 0x7d, 0x0a, 0x20, 0x20, 0x20, 0x20, 0x20, 0x20, 0x7d, 0x0a, 0x20,
    0x20, 0x20, 0x20, 0x7d, 0x2c, 0x0a, 0x20, 0x20, 0x20, 0x20, 0x7b, 0x0a, 0x20, 0x20, 0x20, 0x20,
    0x20, 0x20, 0x22, 0x6e, 0x61, 0x6d, 0x65, 0x22, 0x3a, 0x20, 0x22, 0x54, 0x61, 0x67, 0x67, 0x65,
    0x64, 0x55, 0x72, 0x6e, 0x2e, 0x45, 0x78, 0x65, 0x63, 0x2e, 0x65, 0x71, 0x75, 0x69, 0x76, 0x61,
    0x6c, 0x65, 0x6e, 0x74, 0x22, 0x2c, 0x0a, 0x20, 0x20, 0x20, 0x20, 0x20, 0x20, 0x22, 0x6d, 0x6f,
    0x64, 0x75, 0x6c, 0x65, 0x22, 0x3a, 0x20, 0x22, 0x54, 0x61, 0x67, 0x67, 0x65, 0x64, 0x55, 0x72,
    0x6e, 0x2e, 0x45, 0x78, 0x65, 0x63, 0x22, 0x2c, 0x0a, 0x20, 0x20, 0x20, 0x20, 0x20, 0x20, 0x22,
    0x61, 0x73, 0x79, 0x6e, 0x63, 0x22, 0x3a, 0x20, 0x66, 0x61, 0x6c, 0x73, 0x65, 0x2c, 0x0a, 0x20,
    0x20, 0x20, 0x20, 0x20, 0x20, 0x22, 0x74, 0x72, 0x75, 0x73, 0x74, 0x22, 0x3a, 0x20, 0x7b, 0x0a,
    0x20, 0x20, 0x20, 0x20, 0x20, 0x20, 0x20, 0x20, 0x22, 0x61, 0x78, 0x69, 0x6f, 0x6d, 0x73, 0x22,
    0x3a, 0x20, 0x5b, 0x0a, 0x20, 0x20, 0x20, 0x20, 0x20, 0x20, 0x20, 0x20, 0x20, 0x20, 0x22, 0x43,
    0x6c, 0x61, 0x73, 0x73, 0x69, 0x63, 0x61, 0x6c, 0x2e, 0x63, 0x68, 0x6f, 0x69, 0x63, 0x65, 0x22,
    0x2c, 0x0a, 0x20, 0x20, 0x20, 0x20, 0x20, 0x20, 0x20, 0x20, 0x20, 0x20, 0x22, 0x51, 0x75, 0x6f,
    0x74, 0x2e, 0x73, 0x6f, 0x75, 0x6e, 0x64, 0x22, 0x2c, 0x0a, 0x20, 0x20, 0x20, 0x20, 0x20, 0x20,
    0x20, 0x20, 0x20, 0x20, 0x22, 0x70, 0x72, 0x6f, 0x70, 0x65, 0x78, 0x74, 0x22, 0x0a, 0x20, 0x20,
    0x20, 0x20, 0x20, 0x20, 0x20, 0x20, 0x5d, 0x2c, 0x0a, 0x20, 0x20, 0x20, 0x20, 0x20, 0x20, 0x20,
    0x20, 0x22, 0x64, 0x65, 0x70, 0x65, 0x6e, 0x64, 0x73, 0x5f, 0x6f, 0x6e, 0x5f, 0x73, 0x6f, 0x72,
    0x72, 0x79, 0x22, 0x3a, 0x20, 0x66, 0x61, 0x6c, 0x73, 0x65, 0x2c, 0x0a, 0x20, 0x20, 0x20, 0x20,
    0x20, 0x20, 0x20, 0x20, 0x22, 0x75, 0x6e, 0x73, 0x61, 0x66, 0x65, 0x5f, 0x64, 0x65, 0x70, 0x65,
    0x6e, 0x64, 0x65, 0x6e, 0x63, 0x69, 0x65, 0x73, 0x22, 0x3a, 0x20, 0x5b, 0x5d, 0x2c, 0x0a, 0x20,
    0x20, 0x20, 0x20, 0x20, 0x20, 0x20, 0x20, 0x22, 0x70, 0x61, 0x72, 0x74, 0x69, 0x61, 0x6c, 0x5f,
    0x64, 0x65, 0x70, 0x65, 0x6e, 0x64, 0x65, 0x6e, 0x63, 0x69, 0x65, 0x73, 0x22, 0x3a, 0x20, 0x5b,
    0x5d, 0x2c, 0x0a, 0x20, 0x20, 0x20, 0x20, 0x20, 0x20, 0x20, 0x20, 0x22, 0x65, 0x78, 0x74, 0x65,
    0x72, 0x6e, 0x5f, 0x64, 0x65, 0x70, 0x65, 0x6e, 0x64, 0x65, 0x6e, 0x63, 0x69, 0x65, 0x73, 0x22,
    0x3a, 0x20, 0x5b, 0x0a, 0x20, 0x20, 0x20, 0x20, 0x20, 0x20, 0x20, 0x20, 0x20, 0x20, 0x22, 0x6c,
    0x65, 0x61, 0x6e, 0x5f, 0x73, 0x74, 0x72, 0x69, 0x6e, 0x67, 0x5f, 0x64, 0x65, 0x63, 0x5f, 0x65,
    0x71, 0x22, 0x2c, 0x0a, 0x20, 0x20, 0x20, 0x20, 0x20, 0x20, 0x20, 0x20, 0x20, 0x20, 0x22, 0x6c,
    0x65, 0x61, 0x6e, 0x5f, 0x73, 0x74, 0x72, 0x69, 0x6e, 0x67, 0x5f, 0x64, 0x65, 0x63, 0x5f, 0x6c,
    0x74, 0x22, 0x0a, 0x20, 0x20, 0x20, 0x20, 0x20, 0x20, 0x20, 0x20, 0x5d, 0x0a, 0x20, 0x20, 0x20,
    0x20, 0x20, 0x20, 0x7d, 0x2c, 0x0a, 0x20, 0x20, 0x20, 0x20, 0x20, 0x20, 0x22, 0x63, 0x6c, 0x61,
    0x69, 0x6d, 0x73, 0x22, 0x3a, 0x20, 0x5b, 0x0a, 0x20, 0x20, 0x20, 0x20, 0x20, 0x20, 0x20, 0x20,
    0x22, 0x54, 0x61, 0x67, 0x67, 0x65, 0x64, 0x55, 0x72, 0x6e, 0x2e, 0x45, 0x78, 0x65, 0x63, 0x2e,
    0x65, 0x71, 0x75, 0x69, 0x76, 0x61, 0x6c, 0x65, 0x6e, 0x74, 0x5f, 0x64, 0x65, 0x63, 0x69, 0x64,
    0x65, 0x73, 0x22, 0x0a, 0x20, 0x20, 0x20, 0x20, 0x20, 0x20, 0x5d, 0x2c, 0x0a, 0x20, 0x20, 0x20,
    0x20, 0x20, 0x20, 0x22, 0x61, 0x73, 0x73, 0x75, 0x6d, 0x70, 0x74, 0x69, 0x6f, 0x6e, 0x73, 0x22,
    0x3a, 0x20, 0x5b, 0x5d, 0x2c, 0x0a, 0x20, 0x20, 0x20, 0x20, 0x20, 0x20, 0x22, 0x66, 0x61, 0x63,
    0x69, 0x6c, 0x69, 0x74, 0x69, 0x65, 0x73, 0x22, 0x3a, 0x20, 0x5b, 0x5d, 0x2c, 0x0a, 0x20, 0x20,
    0x20, 0x20, 0x20, 0x20, 0x22, 0x72, 0x6f, 0x6c, 0x65, 0x73, 0x22, 0x3a, 0x20, 0x5b, 0x5d, 0x2c,
    0x0a, 0x20, 0x20, 0x20, 0x20, 0x20, 0x20, 0x22, 0x73, 0x6f, 0x75, 0x72, 0x63, 0x65, 0x22, 0x3a,
    0x20, 0x7b, 0x0a, 0x20, 0x20, 0x20, 0x20, 0x20, 0x20, 0x20, 0x20, 0x22, 0x70, 0x61, 0x63, 0x6b,
    0x61, 0x67, 0x65, 0x22, 0x3a, 0x20, 0x22, 0x74, 0x61, 0x67, 0x67, 0x65, 0x64, 0x5f, 0x75, 0x72,
    0x6e, 0x5f, 0x66, 0x6f, 0x72, 0x6d, 0x61, 0x6c, 0x22, 0x2c, 0x0a, 0x20, 0x20, 0x20, 0x20, 0x20,
    0x20, 0x20, 0x20, 0x22, 0x66, 0x69, 0x6c, 0x65, 0x22, 0x3a, 0x20, 0x22, 0x54, 0x61, 0x67, 0x67,
    0x65, 0x64, 0x55, 0x72, 0x6e, 0x2f, 0x45, 0x78, 0x65, 0x63, 0x2e, 0x6c, 0x65, 0x61, 0x6e, 0x22,
    0x2c, 0x0a, 0x20, 0x20, 0x20, 0x20, 0x20, 0x20, 0x20, 0x20, 0x22, 0x73, 0x74, 0x61, 0x72, 0x74,
    0x22, 0x3a, 0x20, 0x7b, 0x0a, 0x20, 0x20, 0x20, 0x20, 0x20, 0x20, 0x20, 0x20, 0x20, 0x20, 0x22,
    0x6c, 0x69, 0x6e, 0x65, 0x22, 0x3a, 0x20, 0x35, 0x34, 0x2c, 0x0a, 0x20, 0x20, 0x20, 0x20, 0x20,
    0x20, 0x20, 0x20, 0x20, 0x20, 0x22, 0x63, 0x6f, 0x6c, 0x75, 0x6d, 0x6e, 0x22, 0x3a, 0x20, 0x31,
    0x0a, 0x20, 0x20, 0x20, 0x20, 0x20, 0x20, 0x20, 0x20, 0x7d, 0x2c, 0x0a, 0x20, 0x20, 0x20, 0x20,
    0x20, 0x20, 0x20, 0x20, 0x22, 0x65, 0x6e, 0x64, 0x22, 0x3a, 0x20, 0x7b, 0x0a, 0x20, 0x20, 0x20,
    0x20, 0x20, 0x20, 0x20, 0x20, 0x20, 0x20, 0x22, 0x6c, 0x69, 0x6e, 0x65, 0x22, 0x3a, 0x20, 0x35,
    0x34, 0x2c, 0x0a, 0x20, 0x20, 0x20, 0x20, 0x20, 0x20, 0x20, 0x20, 0x20, 0x20, 0x22, 0x63, 0x6f,
    0x6c, 0x75, 0x6d, 0x6e, 0x22, 0x3a, 0x20, 0x36, 0x33, 0x0a, 0x20, 0x20, 0x20, 0x20, 0x20, 0x20,
    0x20, 0x20, 0x7d, 0x0a, 0x20, 0x20, 0x20, 0x20, 0x20, 0x20, 0x7d, 0x0a, 0x20, 0x20, 0x20, 0x20,
    0x7d, 0x2c, 0x0a, 0x20, 0x20, 0x20, 0x20, 0x7b, 0x0a, 0x20, 0x20, 0x20, 0x20, 0x20, 0x20, 0x22,
    0x6e, 0x61, 0x6d, 0x65, 0x22, 0x3a, 0x20, 0x22, 0x54, 0x61, 0x67, 0x67, 0x65, 0x64, 0x55, 0x72,
    0x6e, 0x2e, 0x45, 0x78, 0x65, 0x63, 0x2e, 0x6d, 0x61, 0x6b, 0x65, 0x22, 0x2c, 0x0a, 0x20, 0x20,
    0x20, 0x20, 0x20, 0x20, 0x22, 0x6d, 0x6f, 0x64, 0x75, 0x6c, 0x65, 0x22, 0x3a, 0x20, 0x22, 0x54,
    0x61, 0x67, 0x67, 0x65, 0x64, 0x55, 0x72, 0x6e, 0x2e, 0x45, 0x78, 0x65, 0x63, 0x22, 0x2c, 0x0a,
    0x20, 0x20, 0x20, 0x20, 0x20, 0x20, 0x22, 0x61, 0x73, 0x79, 0x6e, 0x63, 0x22, 0x3a, 0x20, 0x66,
    0x61, 0x6c, 0x73, 0x65, 0x2c, 0x0a, 0x20, 0x20, 0x20, 0x20, 0x20, 0x20, 0x22, 0x74, 0x72, 0x75,
    0x73, 0x74, 0x22, 0x3a, 0x20, 0x7b, 0x0a, 0x20, 0x20, 0x20, 0x20, 0x20, 0x20, 0x20, 0x20, 0x22,
    0x61, 0x78, 0x69, 0x6f, 0x6d, 0x73, 0x22, 0x3a, 0x20, 0x5b, 0x0a, 0x20, 0x20, 0x20, 0x20, 0x20,
    0x20, 0x20, 0x20, 0x20, 0x20, 0x22, 0x43, 0x6c, 0x61, 0x73, 0x73, 0x69, 0x63, 0x61, 0x6c, 0x2e,
    0x63, 0x68, 0x6f, 0x69, 0x63, 0x65, 0x22, 0x2c, 0x0a, 0x20, 0x20, 0x20, 0x20, 0x20, 0x20, 0x20,
    0x20, 0x20, 0x20, 0x22, 0x51, 0x75, 0x6f, 0x74, 0x2e, 0x73, 0x6f, 0x75, 0x6e, 0x64, 0x22, 0x2c,
    0x0a, 0x20, 0x20, 0x20, 0x20, 0x20, 0x20, 0x20, 0x20, 0x20, 0x20, 0x22, 0x70, 0x72, 0x6f, 0x70,
    0x65, 0x78, 0x74, 0x22, 0x0a, 0x20, 0x20, 0x20, 0x20, 0x20, 0x20, 0x20, 0x20, 0x5d, 0x2c, 0x0a,
    0x20, 0x20, 0x20, 0x20, 0x20, 0x20, 0x20, 0x20, 0x22, 0x64, 0x65, 0x70, 0x65, 0x6e, 0x64, 0x73,
    0x5f, 0x6f, 0x6e, 0x5f, 0x73, 0x6f, 0x72, 0x72, 0x79, 0x22, 0x3a, 0x20, 0x66, 0x61, 0x6c, 0x73,
    0x65, 0x2c, 0x0a, 0x20, 0x20, 0x20, 0x20, 0x20, 0x20, 0x20, 0x20, 0x22, 0x75, 0x6e, 0x73, 0x61,
    0x66, 0x65, 0x5f, 0x64, 0x65, 0x70, 0x65, 0x6e, 0x64, 0x65, 0x6e, 0x63, 0x69, 0x65, 0x73, 0x22,
    0x3a, 0x20, 0x5b, 0x5d, 0x2c, 0x0a, 0x20, 0x20, 0x20, 0x20, 0x20, 0x20, 0x20, 0x20, 0x22, 0x70,
    0x61, 0x72, 0x74, 0x69, 0x61, 0x6c, 0x5f, 0x64, 0x65, 0x70, 0x65, 0x6e, 0x64, 0x65, 0x6e, 0x63,
    0x69, 0x65, 0x73, 0x22, 0x3a, 0x20, 0x5b, 0x5d, 0x2c, 0x0a, 0x20, 0x20, 0x20, 0x20, 0x20, 0x20,
    0x20, 0x20, 0x22, 0x65, 0x78, 0x74, 0x65, 0x72, 0x6e, 0x5f, 0x64, 0x65, 0x70, 0x65, 0x6e, 0x64,
    0x65, 0x6e, 0x63, 0x69, 0x65, 0x73, 0x22, 0x3a, 0x20, 0x5b, 0x0a, 0x20, 0x20, 0x20, 0x20, 0x20,
    0x20, 0x20, 0x20, 0x20, 0x20, 0x22, 0x6c, 0x65, 0x61, 0x6e, 0x5f, 0x73, 0x74, 0x72, 0x69, 0x6e,
    0x67, 0x5f, 0x64, 0x65, 0x63, 0x5f, 0x6c, 0x74, 0x22, 0x0a, 0x20, 0x20, 0x20, 0x20, 0x20, 0x20,
    0x20, 0x20, 0x5d, 0x0a, 0x20, 0x20, 0x20, 0x20, 0x20, 0x20, 0x7d, 0x2c, 0x0a, 0x20, 0x20, 0x20,
    0x20, 0x20, 0x20, 0x22, 0x63, 0x6c, 0x61, 0x69, 0x6d, 0x73, 0x22, 0x3a, 0x20, 0x5b, 0x0a, 0x20,
    0x20, 0x20, 0x20, 0x20, 0x20, 0x20, 0x20, 0x22, 0x54, 0x61, 0x67, 0x67, 0x65, 0x64, 0x55, 0x72,
    0x6e, 0x2e, 0x45, 0x78, 0x65, 0x63, 0x2e, 0x6d, 0x61, 0x6b, 0x65, 0x5f, 0x69, 0x73, 0x53, 0x6f,
    0x6d, 0x65, 0x5f, 0x69, 0x66, 0x66, 0x22, 0x2c, 0x0a, 0x20, 0x20, 0x20, 0x20, 0x20, 0x20, 0x20,
    0x20, 0x22, 0x54, 0x61, 0x67, 0x67, 0x65, 0x64, 0x55, 0x72, 0x6e, 0x2e, 0x45, 0x78, 0x65, 0x63,
    0x2e, 0x6d, 0x61, 0x6b, 0x65, 0x5f, 0x75, 0x72, 0x6e, 0x22, 0x0a, 0x20, 0x20, 0x20, 0x20, 0x20,
    0x20, 0x5d, 0x2c, 0x0a, 0x20, 0x20, 0x20, 0x20, 0x20, 0x20, 0x22, 0x61, 0x73, 0x73, 0x75, 0x6d,
    0x70, 0x74, 0x69, 0x6f, 0x6e, 0x73, 0x22, 0x3a, 0x20, 0x5b, 0x5d, 0x2c, 0x0a, 0x20, 0x20, 0x20,
    0x20, 0x20, 0x20, 0x22, 0x66, 0x61, 0x63, 0x69, 0x6c, 0x69, 0x74, 0x69, 0x65, 0x73, 0x22, 0x3a,
    0x20, 0x5b, 0x5d, 0x2c, 0x0a, 0x20, 0x20, 0x20, 0x20, 0x20, 0x20, 0x22, 0x72, 0x6f, 0x6c, 0x65,
    0x73, 0x22, 0x3a, 0x20, 0x5b, 0x5d, 0x2c, 0x0a, 0x20, 0x20, 0x20, 0x20, 0x20, 0x20, 0x22, 0x73,
    0x6f, 0x75, 0x72, 0x63, 0x65, 0x22, 0x3a, 0x20, 0x7b, 0x0a, 0x20, 0x20, 0x20, 0x20, 0x20, 0x20,
    0x20, 0x20, 0x22, 0x70, 0x61, 0x63, 0x6b, 0x61, 0x67, 0x65, 0x22, 0x3a, 0x20, 0x22, 0x74, 0x61,
    0x67, 0x67, 0x65, 0x64, 0x5f, 0x75, 0x72, 0x6e, 0x5f, 0x66, 0x6f, 0x72, 0x6d, 0x61, 0x6c, 0x22,
    0x2c, 0x0a, 0x20, 0x20, 0x20, 0x20, 0x20, 0x20, 0x20, 0x20, 0x22, 0x66, 0x69, 0x6c, 0x65, 0x22,
    0x3a, 0x20, 0x22, 0x54, 0x61, 0x67, 0x67, 0x65, 0x64, 0x55, 0x72, 0x6e, 0x2f, 0x45, 0x78, 0x65,
    0x63, 0x2e, 0x6c, 0x65, 0x61, 0x6e, 0x22, 0x2c, 0x0a, 0x20, 0x20, 0x20, 0x20, 0x20, 0x20, 0x20,
    0x20, 0x22, 0x73, 0x74, 0x61, 0x72, 0x74, 0x22, 0x3a, 0x20, 0x7b, 0x0a, 0x20, 0x20, 0x20, 0x20,
    0x20, 0x20, 0x20, 0x20, 0x20, 0x20, 0x22, 0x6c, 0x69, 0x6e, 0x65, 0x22, 0x3a, 0x20, 0x32, 0x36,
    0x2c, 0x0a, 0x20, 0x20, 0x20, 0x20, 0x20, 0x20, 0x20, 0x20, 0x20, 0x20, 0x22, 0x63, 0x6f, 0x6c,
    0x75, 0x6d, 0x6e, 0x22, 0x3a, 0x20, 0x31, 0x0a, 0x20, 0x20, 0x20, 0x20, 0x20, 0x20, 0x20, 0x20,
    0x7d, 0x2c, 0x0a, 0x20, 0x20, 0x20, 0x20, 0x20, 0x20, 0x20, 0x20, 0x22, 0x65, 0x6e, 0x64, 0x22,
    0x3a, 0x20, 0x7b, 0x0a, 0x20, 0x20, 0x20, 0x20, 0x20, 0x20, 0x20, 0x20, 0x20, 0x20, 0x22, 0x6c,
    0x69, 0x6e, 0x65, 0x22, 0x3a, 0x20, 0x32, 0x39, 0x2c, 0x0a, 0x20, 0x20, 0x20, 0x20, 0x20, 0x20,
    0x20, 0x20, 0x20, 0x20, 0x22, 0x63, 0x6f, 0x6c, 0x75, 0x6d, 0x6e, 0x22, 0x3a, 0x20, 0x36, 0x31,
    0x0a, 0x20, 0x20, 0x20, 0x20, 0x20, 0x20, 0x20, 0x20, 0x7d, 0x0a, 0x20, 0x20, 0x20, 0x20, 0x20,
    0x20, 0x7d, 0x0a, 0x20, 0x20, 0x20, 0x20, 0x7d, 0x2c, 0x0a, 0x20, 0x20, 0x20, 0x20, 0x7b, 0x0a,
    0x20, 0x20, 0x20, 0x20, 0x20, 0x20, 0x22, 0x6e, 0x61, 0x6d, 0x65, 0x22, 0x3a, 0x20, 0x22, 0x54,
    0x61, 0x67, 0x67, 0x65, 0x64, 0x55, 0x72, 0x6e, 0x2e, 0x45, 0x78, 0x65, 0x63, 0x2e, 0x6d, 0x65,
    0x65, 0x74, 0x73, 0x22, 0x2c, 0x0a, 0x20, 0x20, 0x20, 0x20, 0x20, 0x20, 0x22, 0x6d, 0x6f, 0x64,
    0x75, 0x6c, 0x65, 0x22, 0x3a, 0x20, 0x22, 0x54, 0x61, 0x67, 0x67, 0x65, 0x64, 0x55, 0x72, 0x6e,
    0x2e, 0x45, 0x78, 0x65, 0x63, 0x22, 0x2c, 0x0a, 0x20, 0x20, 0x20, 0x20, 0x20, 0x20, 0x22, 0x61,
    0x73, 0x79, 0x6e, 0x63, 0x22, 0x3a, 0x20, 0x66, 0x61, 0x6c, 0x73, 0x65, 0x2c, 0x0a, 0x20, 0x20,
    0x20, 0x20, 0x20, 0x20, 0x22, 0x74, 0x72, 0x75, 0x73, 0x74, 0x22, 0x3a, 0x20, 0x7b, 0x0a, 0x20,
    0x20, 0x20, 0x20, 0x20, 0x20, 0x20, 0x20, 0x22, 0x61, 0x78, 0x69, 0x6f, 0x6d, 0x73, 0x22, 0x3a,
    0x20, 0x5b, 0x0a, 0x20, 0x20, 0x20, 0x20, 0x20, 0x20, 0x20, 0x20, 0x20, 0x20, 0x22, 0x43, 0x6c,
    0x61, 0x73, 0x73, 0x69, 0x63, 0x61, 0x6c, 0x2e, 0x63, 0x68, 0x6f, 0x69, 0x63, 0x65, 0x22, 0x2c,
    0x0a, 0x20, 0x20, 0x20, 0x20, 0x20, 0x20, 0x20, 0x20, 0x20, 0x20, 0x22, 0x51, 0x75, 0x6f, 0x74,
    0x2e, 0x73, 0x6f, 0x75, 0x6e, 0x64, 0x22, 0x2c, 0x0a, 0x20, 0x20, 0x20, 0x20, 0x20, 0x20, 0x20,
    0x20, 0x20, 0x20, 0x22, 0x70, 0x72, 0x6f, 0x70, 0x65, 0x78, 0x74, 0x22, 0x0a, 0x20, 0x20, 0x20,
    0x20, 0x20, 0x20, 0x20, 0x20, 0x5d, 0x2c, 0x0a, 0x20, 0x20, 0x20, 0x20, 0x20, 0x20, 0x20, 0x20,
    0x22, 0x64, 0x65, 0x70, 0x65, 0x6e, 0x64, 0x73, 0x5f, 0x6f, 0x6e, 0x5f, 0x73, 0x6f, 0x72, 0x72,
    0x79, 0x22, 0x3a, 0x20, 0x66, 0x61, 0x6c, 0x73, 0x65, 0x2c, 0x0a, 0x20, 0x20, 0x20, 0x20, 0x20,
    0x20, 0x20, 0x20, 0x22, 0x75, 0x6e, 0x73, 0x61, 0x66, 0x65, 0x5f, 0x64, 0x65, 0x70, 0x65, 0x6e,
    0x64, 0x65, 0x6e, 0x63, 0x69, 0x65, 0x73, 0x22, 0x3a, 0x20, 0x5b, 0x5d, 0x2c, 0x0a, 0x20, 0x20,
    0x20, 0x20, 0x20, 0x20, 0x20, 0x20, 0x22, 0x70, 0x61, 0x72, 0x74, 0x69, 0x61, 0x6c, 0x5f, 0x64,
    0x65, 0x70, 0x65, 0x6e, 0x64, 0x65, 0x6e, 0x63, 0x69, 0x65, 0x73, 0x22, 0x3a, 0x20, 0x5b, 0x5d,
    0x2c, 0x0a, 0x20, 0x20, 0x20, 0x20, 0x20, 0x20, 0x20, 0x20, 0x22, 0x65, 0x78, 0x74, 0x65, 0x72,
    0x6e, 0x5f, 0x64, 0x65, 0x70, 0x65, 0x6e, 0x64, 0x65, 0x6e, 0x63, 0x69, 0x65, 0x73, 0x22, 0x3a,
    0x20, 0x5b, 0x0a, 0x20, 0x20, 0x20, 0x20, 0x20, 0x20, 0x20, 0x20, 0x20, 0x20, 0x22, 0x6c, 0x65,
    0x61, 0x6e, 0x5f, 0x73, 0x74, 0x72, 0x69, 0x6e, 0x67, 0x5f, 0x64, 0x65, 0x63, 0x5f, 0x65, 0x71,
    0x22, 0x2c, 0x0a, 0x20, 0x20, 0x20, 0x20, 0x20, 0x20, 0x20, 0x20, 0x20, 0x20, 0x22, 0x6c, 0x65,
    0x61, 0x6e, 0x5f, 0x73, 0x74, 0x72, 0x69, 0x6e, 0x67, 0x5f, 0x64, 0x65, 0x63, 0x5f, 0x6c, 0x74,
    0x22, 0x0a, 0x20, 0x20, 0x20, 0x20, 0x20, 0x20, 0x20, 0x20, 0x5d, 0x0a, 0x20, 0x20, 0x20, 0x20,
    0x20, 0x20, 0x7d, 0x2c, 0x0a, 0x20, 0x20, 0x20, 0x20, 0x20, 0x20, 0x22, 0x63, 0x6c, 0x61, 0x69,
    0x6d, 0x73, 0x22, 0x3a, 0x20, 0x5b, 0x0a, 0x20, 0x20, 0x20, 0x20, 0x20, 0x20, 0x20, 0x20, 0x22,
    0x54, 0x61, 0x67, 0x67, 0x65, 0x64, 0x55, 0x72, 0x6e, 0x2e, 0x45, 0x78, 0x65, 0x63, 0x2e, 0x6d,
    0x65, 0x65, 0x74, 0x73, 0x5f, 0x64, 0x65, 0x63, 0x69, 0x64, 0x65, 0x73, 0x22, 0x0a, 0x20, 0x20,
    0x20, 0x20, 0x20, 0x20, 0x5d, 0x2c, 0x0a, 0x20, 0x20, 0x20, 0x20, 0x20, 0x20, 0x22, 0x61, 0x73,
    0x73, 0x75, 0x6d, 0x70, 0x74, 0x69, 0x6f, 0x6e, 0x73, 0x22, 0x3a, 0x20, 0x5b, 0x5d, 0x2c, 0x0a,
    0x20, 0x20, 0x20, 0x20, 0x20, 0x20, 0x22, 0x66, 0x61, 0x63, 0x69, 0x6c, 0x69, 0x74, 0x69, 0x65,
    0x73, 0x22, 0x3a, 0x20, 0x5b, 0x5d, 0x2c, 0x0a, 0x20, 0x20, 0x20, 0x20, 0x20, 0x20, 0x22, 0x72,
    0x6f, 0x6c, 0x65, 0x73, 0x22, 0x3a, 0x20, 0x5b, 0x5d, 0x2c, 0x0a, 0x20, 0x20, 0x20, 0x20, 0x20,
    0x20, 0x22, 0x73, 0x6f, 0x75, 0x72, 0x63, 0x65, 0x22, 0x3a, 0x20, 0x7b, 0x0a, 0x20, 0x20, 0x20,
    0x20, 0x20, 0x20, 0x20, 0x20, 0x22, 0x70, 0x61, 0x63, 0x6b, 0x61, 0x67, 0x65, 0x22, 0x3a, 0x20,
    0x22, 0x74, 0x61, 0x67, 0x67, 0x65, 0x64, 0x5f, 0x75, 0x72, 0x6e, 0x5f, 0x66, 0x6f, 0x72, 0x6d,
    0x61, 0x6c, 0x22, 0x2c, 0x0a, 0x20, 0x20, 0x20, 0x20, 0x20, 0x20, 0x20, 0x20, 0x22, 0x66, 0x69,
    0x6c, 0x65, 0x22, 0x3a, 0x20, 0x22, 0x54, 0x61, 0x67, 0x67, 0x65, 0x64, 0x55, 0x72, 0x6e, 0x2f,
    0x45, 0x78, 0x65, 0x63, 0x2e, 0x6c, 0x65, 0x61, 0x6e, 0x22, 0x2c, 0x0a, 0x20, 0x20, 0x20, 0x20,
    0x20, 0x20, 0x20, 0x20, 0x22, 0x73, 0x74, 0x61, 0x72, 0x74, 0x22, 0x3a, 0x20, 0x7b, 0x0a, 0x20,
    0x20, 0x20, 0x20, 0x20, 0x20, 0x20, 0x20, 0x20, 0x20, 0x22, 0x6c, 0x69, 0x6e, 0x65, 0x22, 0x3a,
    0x20, 0x38, 0x31, 0x2c, 0x0a, 0x20, 0x20, 0x20, 0x20, 0x20, 0x20, 0x20, 0x20, 0x20, 0x20, 0x22,
    0x63, 0x6f, 0x6c, 0x75, 0x6d, 0x6e, 0x22, 0x3a, 0x20, 0x31, 0x0a, 0x20, 0x20, 0x20, 0x20, 0x20,
    0x20, 0x20, 0x20, 0x7d, 0x2c, 0x0a, 0x20, 0x20, 0x20, 0x20, 0x20, 0x20, 0x20, 0x20, 0x22, 0x65,
    0x6e, 0x64, 0x22, 0x3a, 0x20, 0x7b, 0x0a, 0x20, 0x20, 0x20, 0x20, 0x20, 0x20, 0x20, 0x20, 0x20,
    0x20, 0x22, 0x6c, 0x69, 0x6e, 0x65, 0x22, 0x3a, 0x20, 0x38, 0x33, 0x2c, 0x0a, 0x20, 0x20, 0x20,
    0x20, 0x20, 0x20, 0x20, 0x20, 0x20, 0x20, 0x22, 0x63, 0x6f, 0x6c, 0x75, 0x6d, 0x6e, 0x22, 0x3a,
    0x20, 0x37, 0x35, 0x0a, 0x20, 0x20, 0x20, 0x20, 0x20, 0x20, 0x20, 0x20, 0x7d, 0x0a, 0x20, 0x20,
    0x20, 0x20, 0x20, 0x20, 0x7d, 0x0a, 0x20, 0x20, 0x20, 0x20, 0x7d, 0x2c, 0x0a, 0x20, 0x20, 0x20,
    0x20, 0x7b, 0x0a, 0x20, 0x20, 0x20, 0x20, 0x20, 0x20, 0x22, 0x6e, 0x61, 0x6d, 0x65, 0x22, 0x3a,
    0x20, 0x22, 0x54, 0x61, 0x67, 0x67, 0x65, 0x64, 0x55, 0x72, 0x6e, 0x2e, 0x45, 0x78, 0x65, 0x63,
    0x2e, 0x6d, 0x65, 0x65, 0x74, 0x73, 0x43, 0x6c, 0x6f, 0x73, 0x65, 0x64, 0x22, 0x2c, 0x0a, 0x20,
    0x20, 0x20, 0x20, 0x20, 0x20, 0x22, 0x6d, 0x6f, 0x64, 0x75, 0x6c, 0x65, 0x22, 0x3a, 0x20, 0x22,
    0x54, 0x61, 0x67, 0x67, 0x65, 0x64, 0x55, 0x72, 0x6e, 0x2e, 0x45, 0x78, 0x65, 0x63, 0x22, 0x2c,
    0x0a, 0x20, 0x20, 0x20, 0x20, 0x20, 0x20, 0x22, 0x61, 0x73, 0x79, 0x6e, 0x63, 0x22, 0x3a, 0x20,
    0x66, 0x61, 0x6c, 0x73, 0x65, 0x2c, 0x0a, 0x20, 0x20, 0x20, 0x20, 0x20, 0x20, 0x22, 0x74, 0x72,
    0x75, 0x73, 0x74, 0x22, 0x3a, 0x20, 0x7b, 0x0a, 0x20, 0x20, 0x20, 0x20, 0x20, 0x20, 0x20, 0x20,
    0x22, 0x61, 0x78, 0x69, 0x6f, 0x6d, 0x73, 0x22, 0x3a, 0x20, 0x5b, 0x0a, 0x20, 0x20, 0x20, 0x20,
    0x20, 0x20, 0x20, 0x20, 0x20, 0x20, 0x22, 0x43, 0x6c, 0x61, 0x73, 0x73, 0x69, 0x63, 0x61, 0x6c,
    0x2e, 0x63, 0x68, 0x6f, 0x69, 0x63, 0x65, 0x22, 0x2c, 0x0a, 0x20, 0x20, 0x20, 0x20, 0x20, 0x20,
    0x20, 0x20, 0x20, 0x20, 0x22, 0x51, 0x75, 0x6f, 0x74, 0x2e, 0x73, 0x6f, 0x75, 0x6e, 0x64, 0x22,
    0x2c, 0x0a, 0x20, 0x20, 0x20, 0x20, 0x20, 0x20, 0x20, 0x20, 0x20, 0x20, 0x22, 0x70, 0x72, 0x6f,
    0x70, 0x65, 0x78, 0x74, 0x22, 0x0a, 0x20, 0x20, 0x20, 0x20, 0x20, 0x20, 0x20, 0x20, 0x5d, 0x2c,
    0x0a, 0x20, 0x20, 0x20, 0x20, 0x20, 0x20, 0x20, 0x20, 0x22, 0x64, 0x65, 0x70, 0x65, 0x6e, 0x64,
    0x73, 0x5f, 0x6f, 0x6e, 0x5f, 0x73, 0x6f, 0x72, 0x72, 0x79, 0x22, 0x3a, 0x20, 0x66, 0x61, 0x6c,
    0x73, 0x65, 0x2c, 0x0a, 0x20, 0x20, 0x20, 0x20, 0x20, 0x20, 0x20, 0x20, 0x22, 0x75, 0x6e, 0x73,
    0x61, 0x66, 0x65, 0x5f, 0x64, 0x65, 0x70, 0x65, 0x6e, 0x64, 0x65, 0x6e, 0x63, 0x69, 0x65, 0x73,
    0x22, 0x3a, 0x20, 0x5b, 0x5d, 0x2c, 0x0a, 0x20, 0x20, 0x20, 0x20, 0x20, 0x20, 0x20, 0x20, 0x22,
    0x70, 0x61, 0x72, 0x74, 0x69, 0x61, 0x6c, 0x5f, 0x64, 0x65, 0x70, 0x65, 0x6e, 0x64, 0x65, 0x6e,
    0x63, 0x69, 0x65, 0x73, 0x22, 0x3a, 0x20, 0x5b, 0x5d, 0x2c, 0x0a, 0x20, 0x20, 0x20, 0x20, 0x20,
    0x20, 0x20, 0x20, 0x22, 0x65, 0x78, 0x74, 0x65, 0x72, 0x6e, 0x5f, 0x64, 0x65, 0x70, 0x65, 0x6e,
    0x64, 0x65, 0x6e, 0x63, 0x69, 0x65, 0x73, 0x22, 0x3a, 0x20, 0x5b, 0x0a, 0x20, 0x20, 0x20, 0x20,
    0x20, 0x20, 0x20, 0x20, 0x20, 0x20, 0x22, 0x6c, 0x65, 0x61, 0x6e, 0x5f, 0x73, 0x74, 0x72, 0x69,
    0x6e, 0x67, 0x5f, 0x64, 0x65, 0x63, 0x5f, 0x65, 0x71, 0x22, 0x2c, 0x0a, 0x20, 0x20, 0x20, 0x20,
    0x20, 0x20, 0x20, 0x20, 0x20, 0x20, 0x22, 0x6c, 0x65, 0x61, 0x6e, 0x5f, 0x73, 0x74, 0x72, 0x69,
    0x6e, 0x67, 0x5f, 0x64, 0x65, 0x63, 0x5f, 0x6c, 0x74, 0x22, 0x0a, 0x20, 0x20, 0x20, 0x20, 0x20,
    0x20, 0x20, 0x20, 0x5d, 0x0a, 0x20, 0x20, 0x20, 0x20, 0x20, 0x20, 0x7d, 0x2c, 0x0a, 0x20, 0x20,
    0x20, 0x20, 0x20, 0x20, 0x22, 0x63, 0x6c, 0x61, 0x69, 0x6d, 0x73, 0x22, 0x3a, 0x20, 0x5b, 0x0a,
    0x20, 0x20, 0x20, 0x20, 0x20, 0x20, 0x20, 0x20, 0x22, 0x54, 0x61, 0x67, 0x67, 0x65, 0x64, 0x55,
    0x72, 0x6e, 0x2e, 0x45, 0x78, 0x65, 0x63, 0x2e, 0x6d, 0x65, 0x65, 0x74, 0x73, 0x43, 0x6c, 0x6f,
    0x73, 0x65, 0x64, 0x5f, 0x64, 0x65, 0x63, 0x69, 0x64, 0x65, 0x73, 0x22, 0x0a, 0x20, 0x20, 0x20,
    0x20, 0x20, 0x20, 0x5d, 0x2c, 0x0a, 0x20, 0x20, 0x20, 0x20, 0x20, 0x20, 0x22, 0x61, 0x73, 0x73,
    0x75, 0x6d, 0x70, 0x74, 0x69, 0x6f, 0x6e, 0x73, 0x22, 0x3a, 0x20, 0x5b, 0x5d, 0x2c, 0x0a, 0x20,
    0x20, 0x20, 0x20, 0x20, 0x20, 0x22, 0x66, 0x61, 0x63, 0x69, 0x6c, 0x69, 0x74, 0x69, 0x65, 0x73,
    0x22, 0x3a, 0x20, 0x5b, 0x5d, 0x2c, 0x0a, 0x20, 0x20, 0x20, 0x20, 0x20, 0x20, 0x22, 0x72, 0x6f,
    0x6c, 0x65, 0x73, 0x22, 0x3a, 0x20, 0x5b, 0x5d, 0x2c, 0x0a, 0x20, 0x20, 0x20, 0x20, 0x20, 0x20,
    0x22, 0x73, 0x6f, 0x75, 0x72, 0x63, 0x65, 0x22, 0x3a, 0x20, 0x7b, 0x0a, 0x20, 0x20, 0x20, 0x20,
    0x20, 0x20, 0x20, 0x20, 0x22, 0x70, 0x61, 0x63, 0x6b, 0x61, 0x67, 0x65, 0x22, 0x3a, 0x20, 0x22,
    0x74, 0x61, 0x67, 0x67, 0x65, 0x64, 0x5f, 0x75, 0x72, 0x6e, 0x5f, 0x66, 0x6f, 0x72, 0x6d, 0x61,
    0x6c, 0x22, 0x2c, 0x0a, 0x20, 0x20, 0x20, 0x20, 0x20, 0x20, 0x20, 0x20, 0x22, 0x66, 0x69, 0x6c,
    0x65, 0x22, 0x3a, 0x20, 0x22, 0x54, 0x61, 0x67, 0x67, 0x65, 0x64, 0x55, 0x72, 0x6e, 0x2f, 0x45,
    0x78, 0x65, 0x63, 0x2e, 0x6c, 0x65, 0x61, 0x6e, 0x22, 0x2c, 0x0a, 0x20, 0x20, 0x20, 0x20, 0x20,
    0x20, 0x20, 0x20, 0x22, 0x73, 0x74, 0x61, 0x72, 0x74, 0x22, 0x3a, 0x20, 0x7b, 0x0a, 0x20, 0x20,
    0x20, 0x20, 0x20, 0x20, 0x20, 0x20, 0x20, 0x20, 0x22, 0x6c, 0x69, 0x6e, 0x65, 0x22, 0x3a, 0x20,
    0x31, 0x30, 0x37, 0x2c, 0x0a, 0x20, 0x20, 0x20, 0x20, 0x20, 0x20, 0x20, 0x20, 0x20, 0x20, 0x22,
    0x63, 0x6f, 0x6c, 0x75, 0x6d, 0x6e, 0x22, 0x3a, 0x20, 0x31, 0x0a, 0x20, 0x20, 0x20, 0x20, 0x20,
    0x20, 0x20, 0x20, 0x7d, 0x2c, 0x0a, 0x20, 0x20, 0x20, 0x20, 0x20, 0x20, 0x20, 0x20, 0x22, 0x65,
    0x6e, 0x64, 0x22, 0x3a, 0x20, 0x7b, 0x0a, 0x20, 0x20, 0x20, 0x20, 0x20, 0x20, 0x20, 0x20, 0x20,
    0x20, 0x22, 0x6c, 0x69, 0x6e, 0x65, 0x22, 0x3a, 0x20, 0x31, 0x30, 0x39, 0x2c, 0x0a, 0x20, 0x20,
    0x20, 0x20, 0x20, 0x20, 0x20, 0x20, 0x20, 0x20, 0x22, 0x63, 0x6f, 0x6c, 0x75, 0x6d, 0x6e, 0x22,
    0x3a, 0x20, 0x38, 0x31, 0x0a, 0x20, 0x20, 0x20, 0x20, 0x20, 0x20, 0x20, 0x20, 0x7d, 0x0a, 0x20,
    0x20, 0x20, 0x20, 0x20, 0x20, 0x7d, 0x0a, 0x20, 0x20, 0x20, 0x20, 0x7d, 0x2c, 0x0a, 0x20, 0x20,
    0x20, 0x20, 0x7b, 0x0a, 0x20, 0x20, 0x20, 0x20, 0x20, 0x20, 0x22, 0x6e, 0x61, 0x6d, 0x65, 0x22,
    0x3a, 0x20, 0x22, 0x54, 0x61, 0x67, 0x67, 0x65, 0x64, 0x55, 0x72, 0x6e, 0x2e, 0x45, 0x78, 0x65,
    0x63, 0x2e, 0x72, 0x65, 0x66, 0x69, 0x6e, 0x65, 0x73, 0x22, 0x2c, 0x0a, 0x20, 0x20, 0x20, 0x20,
    0x20, 0x20, 0x22, 0x6d, 0x6f, 0x64, 0x75, 0x6c, 0x65, 0x22, 0x3a, 0x20, 0x22, 0x54, 0x61, 0x67,
    0x67, 0x65, 0x64, 0x55, 0x72, 0x6e, 0x2e, 0x45, 0x78, 0x65, 0x63, 0x22, 0x2c, 0x0a, 0x20, 0x20,
    0x20, 0x20, 0x20, 0x20, 0x22, 0x61, 0x73, 0x79, 0x6e, 0x63, 0x22, 0x3a, 0x20, 0x66, 0x61, 0x6c,
    0x73, 0x65, 0x2c, 0x0a, 0x20, 0x20, 0x20, 0x20, 0x20, 0x20, 0x22, 0x74, 0x72, 0x75, 0x73, 0x74,
    0x22, 0x3a, 0x20, 0x7b, 0x0a, 0x20, 0x20, 0x20, 0x20, 0x20, 0x20, 0x20, 0x20, 0x22, 0x61, 0x78,
    0x69, 0x6f, 0x6d, 0x73, 0x22, 0x3a, 0x20, 0x5b, 0x0a, 0x20, 0x20, 0x20, 0x20, 0x20, 0x20, 0x20,
    0x20, 0x20, 0x20, 0x22, 0x43, 0x6c, 0x61, 0x73, 0x73, 0x69, 0x63, 0x61, 0x6c, 0x2e, 0x63, 0x68,
    0x6f, 0x69, 0x63, 0x65, 0x22, 0x2c, 0x0a, 0x20, 0x20, 0x20, 0x20, 0x20, 0x20, 0x20, 0x20, 0x20,
    0x20, 0x22, 0x51, 0x75, 0x6f, 0x74, 0x2e, 0x73, 0x6f, 0x75, 0x6e, 0x64, 0x22, 0x2c, 0x0a, 0x20,
    0x20, 0x20, 0x20, 0x20, 0x20, 0x20, 0x20, 0x20, 0x20, 0x22, 0x70, 0x72, 0x6f, 0x70, 0x65, 0x78,
    0x74, 0x22, 0x0a, 0x20, 0x20, 0x20, 0x20, 0x20, 0x20, 0x20, 0x20, 0x5d, 0x2c, 0x0a, 0x20, 0x20,
    0x20, 0x20, 0x20, 0x20, 0x20, 0x20, 0x22, 0x64, 0x65, 0x70, 0x65, 0x6e, 0x64, 0x73, 0x5f, 0x6f,
    0x6e, 0x5f, 0x73, 0x6f, 0x72, 0x72, 0x79, 0x22, 0x3a, 0x20, 0x66, 0x61, 0x6c, 0x73, 0x65, 0x2c,
    0x0a, 0x20, 0x20, 0x20, 0x20, 0x20, 0x20, 0x20, 0x20, 0x22, 0x75, 0x6e, 0x73, 0x61, 0x66, 0x65,
    0x5f, 0x64, 0x65, 0x70, 0x65, 0x6e, 0x64, 0x65, 0x6e, 0x63, 0x69, 0x65, 0x73, 0x22, 0x3a, 0x20,
    0x5b, 0x5d, 0x2c, 0x0a, 0x20, 0x20, 0x20, 0x20, 0x20, 0x20, 0x20, 0x20, 0x22, 0x70, 0x61, 0x72,
    0x74, 0x69, 0x61, 0x6c, 0x5f, 0x64, 0x65, 0x70, 0x65, 0x6e, 0x64, 0x65, 0x6e, 0x63, 0x69, 0x65,
    0x73, 0x22, 0x3a, 0x20, 0x5b, 0x5d, 0x2c, 0x0a, 0x20, 0x20, 0x20, 0x20, 0x20, 0x20, 0x20, 0x20,
    0x22, 0x65, 0x78, 0x74, 0x65, 0x72, 0x6e, 0x5f, 0x64, 0x65, 0x70, 0x65, 0x6e, 0x64, 0x65, 0x6e,
    0x63, 0x69, 0x65, 0x73, 0x22, 0x3a, 0x20, 0x5b, 0x0a, 0x20, 0x20, 0x20, 0x20, 0x20, 0x20, 0x20,
    0x20, 0x20, 0x20, 0x22, 0x6c, 0x65, 0x61, 0x6e, 0x5f, 0x73, 0x74, 0x72, 0x69, 0x6e, 0x67, 0x5f,
    0x64, 0x65, 0x63, 0x5f, 0x65, 0x71, 0x22, 0x2c, 0x0a, 0x20, 0x20, 0x20, 0x20, 0x20, 0x20, 0x20,
    0x20, 0x20, 0x20, 0x22, 0x6c, 0x65, 0x61, 0x6e, 0x5f, 0x73, 0x74, 0x72, 0x69, 0x6e, 0x67, 0x5f,
    0x64, 0x65, 0x63, 0x5f, 0x6c, 0x74, 0x22, 0x0a, 0x20, 0x20, 0x20, 0x20, 0x20, 0x20, 0x20, 0x20,
    0x5d, 0x0a, 0x20, 0x20, 0x20, 0x20, 0x20, 0x20, 0x7d, 0x2c, 0x0a, 0x20, 0x20, 0x20, 0x20, 0x20,
    0x20, 0x22, 0x63, 0x6c, 0x61, 0x69, 0x6d, 0x73, 0x22, 0x3a, 0x20, 0x5b, 0x0a, 0x20, 0x20, 0x20,
    0x20, 0x20, 0x20, 0x20, 0x20, 0x22, 0x54, 0x61, 0x67, 0x67, 0x65, 0x64, 0x55, 0x72, 0x6e, 0x2e,
    0x45, 0x78, 0x65, 0x63, 0x2e, 0x72, 0x65, 0x66, 0x69, 0x6e, 0x65, 0x73, 0x5f, 0x64, 0x65, 0x63,
    0x69, 0x64, 0x65, 0x73, 0x22, 0x0a, 0x20, 0x20, 0x20, 0x20, 0x20, 0x20, 0x5d, 0x2c, 0x0a, 0x20,
    0x20, 0x20, 0x20, 0x20, 0x20, 0x22, 0x61, 0x73, 0x73, 0x75, 0x6d, 0x70, 0x74, 0x69, 0x6f, 0x6e,
    0x73, 0x22, 0x3a, 0x20, 0x5b, 0x5d, 0x2c, 0x0a, 0x20, 0x20, 0x20, 0x20, 0x20, 0x20, 0x22, 0x66,
    0x61, 0x63, 0x69, 0x6c, 0x69, 0x74, 0x69, 0x65, 0x73, 0x22, 0x3a, 0x20, 0x5b, 0x5d, 0x2c, 0x0a,
    0x20, 0x20, 0x20, 0x20, 0x20, 0x20, 0x22, 0x72, 0x6f, 0x6c, 0x65, 0x73, 0x22, 0x3a, 0x20, 0x5b,
    0x5d, 0x2c, 0x0a, 0x20, 0x20, 0x20, 0x20, 0x20, 0x20, 0x22, 0x73, 0x6f, 0x75, 0x72, 0x63, 0x65,
    0x22, 0x3a, 0x20, 0x7b, 0x0a, 0x20, 0x20, 0x20, 0x20, 0x20, 0x20, 0x20, 0x20, 0x22, 0x70, 0x61,
    0x63, 0x6b, 0x61, 0x67, 0x65, 0x22, 0x3a, 0x20, 0x22, 0x74, 0x61, 0x67, 0x67, 0x65, 0x64, 0x5f,
    0x75, 0x72, 0x6e, 0x5f, 0x66, 0x6f, 0x72, 0x6d, 0x61, 0x6c, 0x22, 0x2c, 0x0a, 0x20, 0x20, 0x20,
    0x20, 0x20, 0x20, 0x20, 0x20, 0x22, 0x66, 0x69, 0x6c, 0x65, 0x22, 0x3a, 0x20, 0x22, 0x54, 0x61,
    0x67, 0x67, 0x65, 0x64, 0x55, 0x72, 0x6e, 0x2f, 0x45, 0x78, 0x65, 0x63, 0x2e, 0x6c, 0x65, 0x61,
    0x6e, 0x22, 0x2c, 0x0a, 0x20, 0x20, 0x20, 0x20, 0x20, 0x20, 0x20, 0x20, 0x22, 0x73, 0x74, 0x61,
    0x72, 0x74, 0x22, 0x3a, 0x20, 0x7b, 0x0a, 0x20, 0x20, 0x20, 0x20, 0x20, 0x20, 0x20, 0x20, 0x20,
    0x20, 0x22, 0x6c, 0x69, 0x6e, 0x65, 0x22, 0x3a, 0x20, 0x34, 0x36, 0x2c, 0x0a, 0x20, 0x20, 0x20,
    0x20, 0x20, 0x20, 0x20, 0x20, 0x20, 0x20, 0x22, 0x63, 0x6f, 0x6c, 0x75, 0x6d, 0x6e, 0x22, 0x3a,
    0x20, 0x31, 0x0a, 0x20, 0x20, 0x20, 0x20, 0x20, 0x20, 0x20, 0x20, 0x7d, 0x2c, 0x0a, 0x20, 0x20,
    0x20, 0x20, 0x20, 0x20, 0x20, 0x20, 0x22, 0x65, 0x6e, 0x64, 0x22, 0x3a, 0x20, 0x7b, 0x0a, 0x20,
    0x20, 0x20, 0x20, 0x20, 0x20, 0x20, 0x20, 0x20, 0x20, 0x22, 0x6c, 0x69, 0x6e, 0x65, 0x22, 0x3a,
    0x20, 0x34, 0x38, 0x2c, 0x0a, 0x20, 0x20, 0x20, 0x20, 0x20, 0x20, 0x20, 0x20, 0x20, 0x20, 0x22,
    0x63, 0x6f, 0x6c, 0x75, 0x6d, 0x6e, 0x22, 0x3a, 0x20, 0x36, 0x36, 0x0a, 0x20, 0x20, 0x20, 0x20,
    0x20, 0x20, 0x20, 0x20, 0x7d, 0x0a, 0x20, 0x20, 0x20, 0x20, 0x20, 0x20, 0x7d, 0x0a, 0x20, 0x20,
    0x20, 0x20, 0x7d, 0x2c, 0x0a, 0x20, 0x20, 0x20, 0x20, 0x7b, 0x0a, 0x20, 0x20, 0x20, 0x20, 0x20,
    0x20, 0x22, 0x6e, 0x61, 0x6d, 0x65, 0x22, 0x3a, 0x20, 0x22, 0x54, 0x61, 0x67, 0x67, 0x65, 0x64,
    0x55, 0x72, 0x6e, 0x2e, 0x45, 0x78, 0x65, 0x63, 0x2e, 0x72, 0x65, 0x66, 0x69, 0x6e, 0x65, 0x73,
    0x43, 0x6c, 0x6f, 0x73, 0x65, 0x64, 0x22, 0x2c, 0x0a, 0x20, 0x20, 0x20, 0x20, 0x20, 0x20, 0x22,
    0x6d, 0x6f, 0x64, 0x75, 0x6c, 0x65, 0x22, 0x3a, 0x20, 0x22, 0x54, 0x61, 0x67, 0x67, 0x65, 0x64,
    0x55, 0x72, 0x6e, 0x2e, 0x45, 0x78, 0x65, 0x63, 0x22, 0x2c, 0x0a, 0x20, 0x20, 0x20, 0x20, 0x20,
    0x20, 0x22, 0x61, 0x73, 0x79, 0x6e, 0x63, 0x22, 0x3a, 0x20, 0x66, 0x61, 0x6c, 0x73, 0x65, 0x2c,
    0x0a, 0x20, 0x20, 0x20, 0x20, 0x20, 0x20, 0x22, 0x74, 0x72, 0x75, 0x73, 0x74, 0x22, 0x3a, 0x20,
    0x7b, 0x0a, 0x20, 0x20, 0x20, 0x20, 0x20, 0x20, 0x20, 0x20, 0x22, 0x61, 0x78, 0x69, 0x6f, 0x6d,
    0x73, 0x22, 0x3a, 0x20, 0x5b, 0x0a, 0x20, 0x20, 0x20, 0x20, 0x20, 0x20, 0x20, 0x20, 0x20, 0x20,
    0x22, 0x43, 0x6c, 0x61, 0x73, 0x73, 0x69, 0x63, 0x61, 0x6c, 0x2e, 0x63, 0x68, 0x6f, 0x69, 0x63,
    0x65, 0x22, 0x2c, 0x0a, 0x20, 0x20, 0x20, 0x20, 0x20, 0x20, 0x20, 0x20, 0x20, 0x20, 0x22, 0x51,
    0x75, 0x6f, 0x74, 0x2e, 0x73, 0x6f, 0x75, 0x6e, 0x64, 0x22, 0x2c, 0x0a, 0x20, 0x20, 0x20, 0x20,
    0x20, 0x20, 0x20, 0x20, 0x20, 0x20, 0x22, 0x70, 0x72, 0x6f, 0x70, 0x65, 0x78, 0x74, 0x22, 0x0a,
    0x20, 0x20, 0x20, 0x20, 0x20, 0x20, 0x20, 0x20, 0x5d, 0x2c, 0x0a, 0x20, 0x20, 0x20, 0x20, 0x20,
    0x20, 0x20, 0x20, 0x22, 0x64, 0x65, 0x70, 0x65, 0x6e, 0x64, 0x73, 0x5f, 0x6f, 0x6e, 0x5f, 0x73,
    0x6f, 0x72, 0x72, 0x79, 0x22, 0x3a, 0x20, 0x66, 0x61, 0x6c, 0x73, 0x65, 0x2c, 0x0a, 0x20, 0x20,
    0x20, 0x20, 0x20, 0x20, 0x20, 0x20, 0x22, 0x75, 0x6e, 0x73, 0x61, 0x66, 0x65, 0x5f, 0x64, 0x65,
    0x70, 0x65, 0x6e, 0x64, 0x65, 0x6e, 0x63, 0x69, 0x65, 0x73, 0x22, 0x3a, 0x20, 0x5b, 0x5d, 0x2c,
    0x0a, 0x20, 0x20, 0x20, 0x20, 0x20, 0x20, 0x20, 0x20, 0x22, 0x70, 0x61, 0x72, 0x74, 0x69, 0x61,
    0x6c, 0x5f, 0x64, 0x65, 0x70, 0x65, 0x6e, 0x64, 0x65, 0x6e, 0x63, 0x69, 0x65, 0x73, 0x22, 0x3a,
    0x20, 0x5b, 0x5d, 0x2c, 0x0a, 0x20, 0x20, 0x20, 0x20, 0x20, 0x20, 0x20, 0x20, 0x22, 0x65, 0x78,
    0x74, 0x65, 0x72, 0x6e, 0x5f, 0x64, 0x65, 0x70, 0x65, 0x6e, 0x64, 0x65, 0x6e, 0x63, 0x69, 0x65,
    0x73, 0x22, 0x3a, 0x20, 0x5b, 0x0a, 0x20, 0x20, 0x20, 0x20, 0x20, 0x20, 0x20, 0x20, 0x20, 0x20,
    0x22, 0x6c, 0x65, 0x61, 0x6e, 0x5f, 0x73, 0x74, 0x72, 0x69, 0x6e, 0x67, 0x5f, 0x64, 0x65, 0x63,
    0x5f, 0x65, 0x71, 0x22, 0x2c, 0x0a, 0x20, 0x20, 0x20, 0x20, 0x20, 0x20, 0x20, 0x20, 0x20, 0x20,
    0x22, 0x6c, 0x65, 0x61, 0x6e, 0x5f, 0x73, 0x74, 0x72, 0x69, 0x6e, 0x67, 0x5f, 0x64, 0x65, 0x63,
    0x5f, 0x6c, 0x74, 0x22, 0x0a, 0x20, 0x20, 0x20, 0x20, 0x20, 0x20, 0x20, 0x20, 0x5d, 0x0a, 0x20,
    0x20, 0x20, 0x20, 0x20, 0x20, 0x7d, 0x2c, 0x0a, 0x20, 0x20, 0x20, 0x20, 0x20, 0x20, 0x22, 0x63,
    0x6c, 0x61, 0x69, 0x6d, 0x73, 0x22, 0x3a, 0x20, 0x5b, 0x0a, 0x20, 0x20, 0x20, 0x20, 0x20, 0x20,
    0x20, 0x20, 0x22, 0x54, 0x61, 0x67, 0x67, 0x65, 0x64, 0x55, 0x72, 0x6e, 0x2e, 0x45, 0x78, 0x65,
    0x63, 0x2e, 0x72, 0x65, 0x66, 0x69, 0x6e, 0x65, 0x73, 0x43, 0x6c, 0x6f, 0x73, 0x65, 0x64, 0x5f,
    0x64, 0x65, 0x63, 0x69, 0x64, 0x65, 0x73, 0x22, 0x0a, 0x20, 0x20, 0x20, 0x20, 0x20, 0x20, 0x5d,
    0x2c, 0x0a, 0x20, 0x20, 0x20, 0x20, 0x20, 0x20, 0x22, 0x61, 0x73, 0x73, 0x75, 0x6d, 0x70, 0x74,
    0x69, 0x6f, 0x6e, 0x73, 0x22, 0x3a, 0x20, 0x5b, 0x5d, 0x2c, 0x0a, 0x20, 0x20, 0x20, 0x20, 0x20,
    0x20, 0x22, 0x66, 0x61, 0x63, 0x69, 0x6c, 0x69, 0x74, 0x69, 0x65, 0x73, 0x22, 0x3a, 0x20, 0x5b,
    0x5d, 0x2c, 0x0a, 0x20, 0x20, 0x20, 0x20, 0x20, 0x20, 0x22, 0x72, 0x6f, 0x6c, 0x65, 0x73, 0x22,
    0x3a, 0x20, 0x5b, 0x5d, 0x2c, 0x0a, 0x20, 0x20, 0x20, 0x20, 0x20, 0x20, 0x22, 0x73, 0x6f, 0x75,
    0x72, 0x63, 0x65, 0x22, 0x3a, 0x20, 0x7b, 0x0a, 0x20, 0x20, 0x20, 0x20, 0x20, 0x20, 0x20, 0x20,
    0x22, 0x70, 0x61, 0x63, 0x6b, 0x61, 0x67, 0x65, 0x22, 0x3a, 0x20, 0x22, 0x74, 0x61, 0x67, 0x67,
    0x65, 0x64, 0x5f, 0x75, 0x72, 0x6e, 0x5f, 0x66, 0x6f, 0x72, 0x6d, 0x61, 0x6c, 0x22, 0x2c, 0x0a,
    0x20, 0x20, 0x20, 0x20, 0x20, 0x20, 0x20, 0x20, 0x22, 0x66, 0x69, 0x6c, 0x65, 0x22, 0x3a, 0x20,
    0x22, 0x54, 0x61, 0x67, 0x67, 0x65, 0x64, 0x55, 0x72, 0x6e, 0x2f, 0x45, 0x78, 0x65, 0x63, 0x2e,
    0x6c, 0x65, 0x61, 0x6e, 0x22, 0x2c, 0x0a, 0x20, 0x20, 0x20, 0x20, 0x20, 0x20, 0x20, 0x20, 0x22,
    0x73, 0x74, 0x61, 0x72, 0x74, 0x22, 0x3a, 0x20, 0x7b, 0x0a, 0x20, 0x20, 0x20, 0x20, 0x20, 0x20,
    0x20, 0x20, 0x20, 0x20, 0x22, 0x6c, 0x69, 0x6e, 0x65, 0x22, 0x3a, 0x20, 0x39, 0x36, 0x2c, 0x0a,
    0x20, 0x20, 0x20, 0x20, 0x20, 0x20, 0x20, 0x20, 0x20, 0x20, 0x22, 0x63, 0x6f, 0x6c, 0x75, 0x6d,
    0x6e, 0x22, 0x3a, 0x20, 0x31, 0x0a, 0x20, 0x20, 0x20, 0x20, 0x20, 0x20, 0x20, 0x20, 0x7d, 0x2c,
    0x0a, 0x20, 0x20, 0x20, 0x20, 0x20, 0x20, 0x20, 0x20, 0x22, 0x65, 0x6e, 0x64, 0x22, 0x3a, 0x20,
    0x7b, 0x0a, 0x20, 0x20, 0x20, 0x20, 0x20, 0x20, 0x20, 0x20, 0x20, 0x20, 0x22, 0x6c, 0x69, 0x6e,
    0x65, 0x22, 0x3a, 0x20, 0x39, 0x39, 0x2c, 0x0a, 0x20, 0x20, 0x20, 0x20, 0x20, 0x20, 0x20, 0x20,
    0x20, 0x20, 0x22, 0x63, 0x6f, 0x6c, 0x75, 0x6d, 0x6e, 0x22, 0x3a, 0x20, 0x38, 0x31, 0x0a, 0x20,
    0x20, 0x20, 0x20, 0x20, 0x20, 0x20, 0x20, 0x7d, 0x0a, 0x20, 0x20, 0x20, 0x20, 0x20, 0x20, 0x7d,
    0x0a, 0x20, 0x20, 0x20, 0x20, 0x7d, 0x2c, 0x0a, 0x20, 0x20, 0x20, 0x20, 0x7b, 0x0a, 0x20, 0x20,
    0x20, 0x20, 0x20, 0x20, 0x22, 0x6e, 0x61, 0x6d, 0x65, 0x22, 0x3a, 0x20, 0x22, 0x54, 0x61, 0x67,
    0x67, 0x65, 0x64, 0x55, 0x72, 0x6e, 0x2e, 0x45, 0x78, 0x65, 0x63, 0x2e, 0x73, 0x70, 0x65, 0x63,
    0x69, 0x66, 0x69, 0x63, 0x69, 0x74, 0x79, 0x22, 0x2c, 0x0a, 0x20, 0x20, 0x20, 0x20, 0x20, 0x20,
    0x22, 0x6d, 0x6f, 0x64, 0x75, 0x6c, 0x65, 0x22, 0x3a, 0x20, 0x22, 0x54, 0x61, 0x67, 0x67, 0x65,
    0x64, 0x55, 0x72, 0x6e, 0x2e, 0x45, 0x78, 0x65, 0x63, 0x22, 0x2c, 0x0a, 0x20, 0x20, 0x20, 0x20,
    0x20, 0x20, 0x22, 0x61, 0x73, 0x79, 0x6e, 0x63, 0x22, 0x3a, 0x20, 0x66, 0x61, 0x6c, 0x73, 0x65,
    0x2c, 0x0a, 0x20, 0x20, 0x20, 0x20, 0x20, 0x20, 0x22, 0x74, 0x72, 0x75, 0x73, 0x74, 0x22, 0x3a,
    0x20, 0x7b, 0x0a, 0x20, 0x20, 0x20, 0x20, 0x20, 0x20, 0x20, 0x20, 0x22, 0x61, 0x78, 0x69, 0x6f,
    0x6d, 0x73, 0x22, 0x3a, 0x20, 0x5b, 0x0a, 0x20, 0x20, 0x20, 0x20, 0x20, 0x20, 0x20, 0x20, 0x20,
    0x20, 0x22, 0x43, 0x6c, 0x61, 0x73, 0x73, 0x69, 0x63, 0x61, 0x6c, 0x2e, 0x63, 0x68, 0x6f, 0x69,
    0x63, 0x65, 0x22, 0x2c, 0x0a, 0x20, 0x20, 0x20, 0x20, 0x20, 0x20, 0x20, 0x20, 0x20, 0x20, 0x22,
    0x51, 0x75, 0x6f, 0x74, 0x2e, 0x73, 0x6f, 0x75, 0x6e, 0x64, 0x22, 0x2c, 0x0a, 0x20, 0x20, 0x20,
    0x20, 0x20, 0x20, 0x20, 0x20, 0x20, 0x20, 0x22, 0x70, 0x72, 0x6f, 0x70, 0x65, 0x78, 0x74, 0x22,
    0x0a, 0x20, 0x20, 0x20, 0x20, 0x20, 0x20, 0x20, 0x20, 0x5d, 0x2c, 0x0a, 0x20, 0x20, 0x20, 0x20,
    0x20, 0x20, 0x20, 0x20, 0x22, 0x64, 0x65, 0x70, 0x65, 0x6e, 0x64, 0x73, 0x5f, 0x6f, 0x6e, 0x5f,
    0x73, 0x6f, 0x72, 0x72, 0x79, 0x22, 0x3a, 0x20, 0x66, 0x61, 0x6c, 0x73, 0x65, 0x2c, 0x0a, 0x20,
    0x20, 0x20, 0x20, 0x20, 0x20, 0x20, 0x20, 0x22, 0x75, 0x6e, 0x73, 0x61, 0x66, 0x65, 0x5f, 0x64,
    0x65, 0x70, 0x65, 0x6e, 0x64, 0x65, 0x6e, 0x63, 0x69, 0x65, 0x73, 0x22, 0x3a, 0x20, 0x5b, 0x5d,
    0x2c, 0x0a, 0x20, 0x20, 0x20, 0x20, 0x20, 0x20, 0x20, 0x20, 0x22, 0x70, 0x61, 0x72, 0x74, 0x69,
    0x61, 0x6c, 0x5f, 0x64, 0x65, 0x70, 0x65, 0x6e, 0x64, 0x65, 0x6e, 0x63, 0x69, 0x65, 0x73, 0x22,
    0x3a, 0x20, 0x5b, 0x5d, 0x2c, 0x0a, 0x20, 0x20, 0x20, 0x20, 0x20, 0x20, 0x20, 0x20, 0x22, 0x65,
    0x78, 0x74, 0x65, 0x72, 0x6e, 0x5f, 0x64, 0x65, 0x70, 0x65, 0x6e, 0x64, 0x65, 0x6e, 0x63, 0x69,
    0x65, 0x73, 0x22, 0x3a, 0x20, 0x5b, 0x0a, 0x20, 0x20, 0x20, 0x20, 0x20, 0x20, 0x20, 0x20, 0x20,
    0x20, 0x22, 0x6c, 0x65, 0x61, 0x6e, 0x5f, 0x6e, 0x61, 0x74, 0x5f, 0x61, 0x64, 0x64, 0x22, 0x0a,
    0x20, 0x20, 0x20, 0x20, 0x20, 0x20, 0x20, 0x20, 0x5d, 0x0a, 0x20, 0x20, 0x20, 0x20, 0x20, 0x20,
    0x7d, 0x2c, 0x0a, 0x20, 0x20, 0x20, 0x20, 0x20, 0x20, 0x22, 0x63, 0x6c, 0x61, 0x69, 0x6d, 0x73,
    0x22, 0x3a, 0x20, 0x5b, 0x0a, 0x20, 0x20, 0x20, 0x20, 0x20, 0x20, 0x20, 0x20, 0x22, 0x54, 0x61,
    0x67, 0x67, 0x65, 0x64, 0x55, 0x72, 0x6e, 0x2e, 0x45, 0x78, 0x65, 0x63, 0x2e, 0x73, 0x70, 0x65,
    0x63, 0x69, 0x66, 0x69, 0x63, 0x69, 0x74, 0x79, 0x5f, 0x65, 0x71, 0x22, 0x0a, 0x20, 0x20, 0x20,
    0x20, 0x20, 0x20, 0x5d, 0x2c, 0x0a, 0x20, 0x20, 0x20, 0x20, 0x20, 0x20, 0x22, 0x61, 0x73, 0x73,
    0x75, 0x6d, 0x70, 0x74, 0x69, 0x6f, 0x6e, 0x73, 0x22, 0x3a, 0x20, 0x5b, 0x5d, 0x2c, 0x0a, 0x20,
    0x20, 0x20, 0x20, 0x20, 0x20, 0x22, 0x66, 0x61, 0x63, 0x69, 0x6c, 0x69, 0x74, 0x69, 0x65, 0x73,
    0x22, 0x3a, 0x20, 0x5b, 0x5d, 0x2c, 0x0a, 0x20, 0x20, 0x20, 0x20, 0x20, 0x20, 0x22, 0x72, 0x6f,
    0x6c, 0x65, 0x73, 0x22, 0x3a, 0x20, 0x5b, 0x5d, 0x2c, 0x0a, 0x20, 0x20, 0x20, 0x20, 0x20, 0x20,
    0x22, 0x73, 0x6f, 0x75, 0x72, 0x63, 0x65, 0x22, 0x3a, 0x20, 0x7b, 0x0a, 0x20, 0x20, 0x20, 0x20,
    0x20, 0x20, 0x20, 0x20, 0x22, 0x70, 0x61, 0x63, 0x6b, 0x61, 0x67, 0x65, 0x22, 0x3a, 0x20, 0x22,
    0x74, 0x61, 0x67, 0x67, 0x65, 0x64, 0x5f, 0x75, 0x72, 0x6e, 0x5f, 0x66, 0x6f, 0x72, 0x6d, 0x61,
    0x6c, 0x22, 0x2c, 0x0a, 0x20, 0x20, 0x20, 0x20, 0x20, 0x20, 0x20, 0x20, 0x22, 0x66, 0x69, 0x6c,
    0x65, 0x22, 0x3a, 0x20, 0x22, 0x54, 0x61, 0x67, 0x67, 0x65, 0x64, 0x55, 0x72, 0x6e, 0x2f, 0x45,
    0x78, 0x65, 0x63, 0x2e, 0x6c, 0x65, 0x61, 0x6e, 0x22, 0x2c, 0x0a, 0x20, 0x20, 0x20, 0x20, 0x20,
    0x20, 0x20, 0x20, 0x22, 0x73, 0x74, 0x61, 0x72, 0x74, 0x22, 0x3a, 0x20, 0x7b, 0x0a, 0x20, 0x20,
    0x20, 0x20, 0x20, 0x20, 0x20, 0x20, 0x20, 0x20, 0x22, 0x6c, 0x69, 0x6e, 0x65, 0x22, 0x3a, 0x20,
    0x36, 0x38, 0x2c, 0x0a, 0x20, 0x20, 0x20, 0x20, 0x20, 0x20, 0x20, 0x20, 0x20, 0x20, 0x22, 0x63,
    0x6f, 0x6c, 0x75, 0x6d, 0x6e, 0x22, 0x3a, 0x20, 0x31, 0x0a, 0x20, 0x20, 0x20, 0x20, 0x20, 0x20,
    0x20, 0x20, 0x7d, 0x2c, 0x0a, 0x20, 0x20, 0x20, 0x20, 0x20, 0x20, 0x20, 0x20, 0x22, 0x65, 0x6e,
    0x64, 0x22, 0x3a, 0x20, 0x7b, 0x0a, 0x20, 0x20, 0x20, 0x20, 0x20, 0x20, 0x20, 0x20, 0x20, 0x20,
    0x22, 0x6c, 0x69, 0x6e, 0x65, 0x22, 0x3a, 0x20, 0x36, 0x39, 0x2c, 0x0a, 0x20, 0x20, 0x20, 0x20,
    0x20, 0x20, 0x20, 0x20, 0x20, 0x20, 0x22, 0x63, 0x6f, 0x6c, 0x75, 0x6d, 0x6e, 0x22, 0x3a, 0x20,
    0x34, 0x39, 0x0a, 0x20, 0x20, 0x20, 0x20, 0x20, 0x20, 0x20, 0x20, 0x7d, 0x0a, 0x20, 0x20, 0x20,
    0x20, 0x20, 0x20, 0x7d, 0x0a, 0x20, 0x20, 0x20, 0x20, 0x7d, 0x2c, 0x0a, 0x20, 0x20, 0x20, 0x20,
    0x7b, 0x0a, 0x20, 0x20, 0x20, 0x20, 0x20, 0x20, 0x22, 0x6e, 0x61, 0x6d, 0x65, 0x22, 0x3a, 0x20,
    0x22, 0x54, 0x61, 0x67, 0x67, 0x65, 0x64, 0x55, 0x72, 0x6e, 0x2e, 0x45, 0x78, 0x65, 0x63, 0x2e,
    0x76, 0x61, 0x6c, 0x75, 0x65, 0x73, 0x4d, 0x61, 0x74, 0x63, 0x68, 0x22, 0x2c, 0x0a, 0x20, 0x20,
    0x20, 0x20, 0x20, 0x20, 0x22, 0x6d, 0x6f, 0x64, 0x75, 0x6c, 0x65, 0x22, 0x3a, 0x20, 0x22, 0x54,
    0x61, 0x67, 0x67, 0x65, 0x64, 0x55, 0x72, 0x6e, 0x2e, 0x45, 0x78, 0x65, 0x63, 0x22, 0x2c, 0x0a,
    0x20, 0x20, 0x20, 0x20, 0x20, 0x20, 0x22, 0x61, 0x73, 0x79, 0x6e, 0x63, 0x22, 0x3a, 0x20, 0x66,
    0x61, 0x6c, 0x73, 0x65, 0x2c, 0x0a, 0x20, 0x20, 0x20, 0x20, 0x20, 0x20, 0x22, 0x74, 0x72, 0x75,
    0x73, 0x74, 0x22, 0x3a, 0x20, 0x7b, 0x0a, 0x20, 0x20, 0x20, 0x20, 0x20, 0x20, 0x20, 0x20, 0x22,
    0x61, 0x78, 0x69, 0x6f, 0x6d, 0x73, 0x22, 0x3a, 0x20, 0x5b, 0x5d, 0x2c, 0x0a, 0x20, 0x20, 0x20,
    0x20, 0x20, 0x20, 0x20, 0x20, 0x22, 0x64, 0x65, 0x70, 0x65, 0x6e, 0x64, 0x73, 0x5f, 0x6f, 0x6e,
    0x5f, 0x73, 0x6f, 0x72, 0x72, 0x79, 0x22, 0x3a, 0x20, 0x66, 0x61, 0x6c, 0x73, 0x65, 0x2c, 0x0a,
    0x20, 0x20, 0x20, 0x20, 0x20, 0x20, 0x20, 0x20, 0x22, 0x75, 0x6e, 0x73, 0x61, 0x66, 0x65, 0x5f,
    0x64, 0x65, 0x70, 0x65, 0x6e, 0x64, 0x65, 0x6e, 0x63, 0x69, 0x65, 0x73, 0x22, 0x3a, 0x20, 0x5b,
    0x5d, 0x2c, 0x0a, 0x20, 0x20, 0x20, 0x20, 0x20, 0x20, 0x20, 0x20, 0x22, 0x70, 0x61, 0x72, 0x74,
    0x69, 0x61, 0x6c, 0x5f, 0x64, 0x65, 0x70, 0x65, 0x6e, 0x64, 0x65, 0x6e, 0x63, 0x69, 0x65, 0x73,
    0x22, 0x3a, 0x20, 0x5b, 0x5d, 0x2c, 0x0a, 0x20, 0x20, 0x20, 0x20, 0x20, 0x20, 0x20, 0x20, 0x22,
    0x65, 0x78, 0x74, 0x65, 0x72, 0x6e, 0x5f, 0x64, 0x65, 0x70, 0x65, 0x6e, 0x64, 0x65, 0x6e, 0x63,
    0x69, 0x65, 0x73, 0x22, 0x3a, 0x20, 0x5b, 0x0a, 0x20, 0x20, 0x20, 0x20, 0x20, 0x20, 0x20, 0x20,
    0x20, 0x20, 0x22, 0x6c, 0x65, 0x61, 0x6e, 0x5f, 0x73, 0x74, 0x72, 0x69, 0x6e, 0x67, 0x5f, 0x64,
    0x65, 0x63, 0x5f, 0x65, 0x71, 0x22, 0x0a, 0x20, 0x20, 0x20, 0x20, 0x20, 0x20, 0x20, 0x20, 0x5d,
    0x0a, 0x20, 0x20, 0x20, 0x20, 0x20, 0x20, 0x7d, 0x2c, 0x0a, 0x20, 0x20, 0x20, 0x20, 0x20, 0x20,
    0x22, 0x63, 0x6c, 0x61, 0x69, 0x6d, 0x73, 0x22, 0x3a, 0x20, 0x5b, 0x0a, 0x20, 0x20, 0x20, 0x20,
    0x20, 0x20, 0x20, 0x20, 0x22, 0x54, 0x61, 0x67, 0x67, 0x65, 0x64, 0x55, 0x72, 0x6e, 0x2e, 0x45,
    0x78, 0x65, 0x63, 0x2e, 0x76, 0x61, 0x6c, 0x75, 0x65, 0x73, 0x4d, 0x61, 0x74, 0x63, 0x68, 0x5f,
    0x64, 0x65, 0x63, 0x69, 0x64, 0x65, 0x73, 0x22, 0x0a, 0x20, 0x20, 0x20, 0x20, 0x20, 0x20, 0x5d,
    0x2c, 0x0a, 0x20, 0x20, 0x20, 0x20, 0x20, 0x20, 0x22, 0x61, 0x73, 0x73, 0x75, 0x6d, 0x70, 0x74,
    0x69, 0x6f, 0x6e, 0x73, 0x22, 0x3a, 0x20, 0x5b, 0x5d, 0x2c, 0x0a, 0x20, 0x20, 0x20, 0x20, 0x20,
    0x20, 0x22, 0x66, 0x61, 0x63, 0x69, 0x6c, 0x69, 0x74, 0x69, 0x65, 0x73, 0x22, 0x3a, 0x20, 0x5b,
    0x5d, 0x2c, 0x0a, 0x20, 0x20, 0x20, 0x20, 0x20, 0x20, 0x22, 0x72, 0x6f, 0x6c, 0x65, 0x73, 0x22,
    0x3a, 0x20, 0x5b, 0x5d, 0x2c, 0x0a, 0x20, 0x20, 0x20, 0x20, 0x20, 0x20, 0x22, 0x73, 0x6f, 0x75,
    0x72, 0x63, 0x65, 0x22, 0x3a, 0x20, 0x7b, 0x0a, 0x20, 0x20, 0x20, 0x20, 0x20, 0x20, 0x20, 0x20,
    0x22, 0x70, 0x61, 0x63, 0x6b, 0x61, 0x67, 0x65, 0x22, 0x3a, 0x20, 0x22, 0x74, 0x61, 0x67, 0x67,
    0x65, 0x64, 0x5f, 0x75, 0x72, 0x6e, 0x5f, 0x66, 0x6f, 0x72, 0x6d, 0x61, 0x6c, 0x22, 0x2c, 0x0a,
    0x20, 0x20, 0x20, 0x20, 0x20, 0x20, 0x20, 0x20, 0x22, 0x66, 0x69, 0x6c, 0x65, 0x22, 0x3a, 0x20,
    0x22, 0x54, 0x61, 0x67, 0x67, 0x65, 0x64, 0x55, 0x72, 0x6e, 0x2f, 0x45, 0x78, 0x65, 0x63, 0x2e,
    0x6c, 0x65, 0x61, 0x6e, 0x22, 0x2c, 0x0a, 0x20, 0x20, 0x20, 0x20, 0x20, 0x20, 0x20, 0x20, 0x22,
    0x73, 0x74, 0x61, 0x72, 0x74, 0x22, 0x3a, 0x20, 0x7b, 0x0a, 0x20, 0x20, 0x20, 0x20, 0x20, 0x20,
    0x20, 0x20, 0x20, 0x20, 0x22, 0x6c, 0x69, 0x6e, 0x65, 0x22, 0x3a, 0x20, 0x37, 0x34, 0x2c, 0x0a,
    0x20, 0x20, 0x20, 0x20, 0x20, 0x20, 0x20, 0x20, 0x20, 0x20, 0x22, 0x63, 0x6f, 0x6c, 0x75, 0x6d,
    0x6e, 0x22, 0x3a, 0x20, 0x31, 0x0a, 0x20, 0x20, 0x20, 0x20, 0x20, 0x20, 0x20, 0x20, 0x7d, 0x2c,
    0x0a, 0x20, 0x20, 0x20, 0x20, 0x20, 0x20, 0x20, 0x20, 0x22, 0x65, 0x6e, 0x64, 0x22, 0x3a, 0x20,
    0x7b, 0x0a, 0x20, 0x20, 0x20, 0x20, 0x20, 0x20, 0x20, 0x20, 0x20, 0x20, 0x22, 0x6c, 0x69, 0x6e,
    0x65, 0x22, 0x3a, 0x20, 0x37, 0x35, 0x2c, 0x0a, 0x20, 0x20, 0x20, 0x20, 0x20, 0x20, 0x20, 0x20,
    0x20, 0x20, 0x22, 0x63, 0x6f, 0x6c, 0x75, 0x6d, 0x6e, 0x22, 0x3a, 0x20, 0x37, 0x30, 0x0a, 0x20,
    0x20, 0x20, 0x20, 0x20, 0x20, 0x20, 0x20, 0x7d, 0x0a, 0x20, 0x20, 0x20, 0x20, 0x20, 0x20, 0x7d,
    0x0a, 0x20, 0x20, 0x20, 0x20, 0x7d, 0x2c, 0x0a, 0x20, 0x20, 0x20, 0x20, 0x7b, 0x0a, 0x20, 0x20,
    0x20, 0x20, 0x20, 0x20, 0x22, 0x6e, 0x61, 0x6d, 0x65, 0x22, 0x3a, 0x20, 0x22, 0x54, 0x61, 0x67,
    0x67, 0x65, 0x64, 0x55, 0x72, 0x6e, 0x2e, 0x45, 0x78, 0x65, 0x63, 0x2e, 0x76, 0x61, 0x6c, 0x75,
    0x65, 0x73, 0x4d, 0x61, 0x74, 0x63, 0x68, 0x43, 0x6c, 0x6f, 0x73, 0x65, 0x64, 0x22, 0x2c, 0x0a,
    0x20, 0x20, 0x20, 0x20, 0x20, 0x20, 0x22, 0x6d, 0x6f, 0x64, 0x75, 0x6c, 0x65, 0x22, 0x3a, 0x20,
    0x22, 0x54, 0x61, 0x67, 0x67, 0x65, 0x64, 0x55, 0x72, 0x6e, 0x2e, 0x45, 0x78, 0x65, 0x63, 0x22,
    0x2c, 0x0a, 0x20, 0x20, 0x20, 0x20, 0x20, 0x20, 0x22, 0x61, 0x73, 0x79, 0x6e, 0x63, 0x22, 0x3a,
    0x20, 0x66, 0x61, 0x6c, 0x73, 0x65, 0x2c, 0x0a, 0x20, 0x20, 0x20, 0x20, 0x20, 0x20, 0x22, 0x74,
    0x72, 0x75, 0x73, 0x74, 0x22, 0x3a, 0x20, 0x7b, 0x0a, 0x20, 0x20, 0x20, 0x20, 0x20, 0x20, 0x20,
    0x20, 0x22, 0x61, 0x78, 0x69, 0x6f, 0x6d, 0x73, 0x22, 0x3a, 0x20, 0x5b, 0x0a, 0x20, 0x20, 0x20,
    0x20, 0x20, 0x20, 0x20, 0x20, 0x20, 0x20, 0x22, 0x70, 0x72, 0x6f, 0x70, 0x65, 0x78, 0x74, 0x22,
    0x0a, 0x20, 0x20, 0x20, 0x20, 0x20, 0x20, 0x20, 0x20, 0x5d, 0x2c, 0x0a, 0x20, 0x20, 0x20, 0x20,
    0x20, 0x20, 0x20, 0x20, 0x22, 0x64, 0x65, 0x70, 0x65, 0x6e, 0x64, 0x73, 0x5f, 0x6f, 0x6e, 0x5f,
    0x73, 0x6f, 0x72, 0x72, 0x79, 0x22, 0x3a, 0x20, 0x66, 0x61, 0x6c, 0x73, 0x65, 0x2c, 0x0a, 0x20,
    0x20, 0x20, 0x20, 0x20, 0x20, 0x20, 0x20, 0x22, 0x75, 0x6e, 0x73, 0x61, 0x66, 0x65, 0x5f, 0x64,
    0x65, 0x70, 0x65, 0x6e, 0x64, 0x65, 0x6e, 0x63, 0x69, 0x65, 0x73, 0x22, 0x3a, 0x20, 0x5b, 0x5d,
    0x2c, 0x0a, 0x20, 0x20, 0x20, 0x20, 0x20, 0x20, 0x20, 0x20, 0x22, 0x70, 0x61, 0x72, 0x74, 0x69,
    0x61, 0x6c, 0x5f, 0x64, 0x65, 0x70, 0x65, 0x6e, 0x64, 0x65, 0x6e, 0x63, 0x69, 0x65, 0x73, 0x22,
    0x3a, 0x20, 0x5b, 0x5d, 0x2c, 0x0a, 0x20, 0x20, 0x20, 0x20, 0x20, 0x20, 0x20, 0x20, 0x22, 0x65,
    0x78, 0x74, 0x65, 0x72, 0x6e, 0x5f, 0x64, 0x65, 0x70, 0x65, 0x6e, 0x64, 0x65, 0x6e, 0x63, 0x69,
    0x65, 0x73, 0x22, 0x3a, 0x20, 0x5b, 0x0a, 0x20, 0x20, 0x20, 0x20, 0x20, 0x20, 0x20, 0x20, 0x20,
    0x20, 0x22, 0x6c, 0x65, 0x61, 0x6e, 0x5f, 0x73, 0x74, 0x72, 0x69, 0x6e, 0x67, 0x5f, 0x64, 0x65,
    0x63, 0x5f, 0x65, 0x71, 0x22, 0x0a, 0x20, 0x20, 0x20, 0x20, 0x20, 0x20, 0x20, 0x20, 0x5d, 0x0a,
    0x20, 0x20, 0x20, 0x20, 0x20, 0x20, 0x7d, 0x2c, 0x0a, 0x20, 0x20, 0x20, 0x20, 0x20, 0x20, 0x22,
    0x63, 0x6c, 0x61, 0x69, 0x6d, 0x73, 0x22, 0x3a, 0x20, 0x5b, 0x0a, 0x20, 0x20, 0x20, 0x20, 0x20,
    0x20, 0x20, 0x20, 0x22, 0x54, 0x61, 0x67, 0x67, 0x65, 0x64, 0x55, 0x72, 0x6e, 0x2e, 0x45, 0x78,
    0x65, 0x63, 0x2e, 0x76, 0x61, 0x6c, 0x75, 0x65, 0x73, 0x4d, 0x61, 0x74, 0x63, 0x68, 0x43, 0x6c,
    0x6f, 0x73, 0x65, 0x64, 0x5f, 0x64, 0x65, 0x63, 0x69, 0x64, 0x65, 0x73, 0x22, 0x0a, 0x20, 0x20,
    0x20, 0x20, 0x20, 0x20, 0x5d, 0x2c, 0x0a, 0x20, 0x20, 0x20, 0x20, 0x20, 0x20, 0x22, 0x61, 0x73,
    0x73, 0x75, 0x6d, 0x70, 0x74, 0x69, 0x6f, 0x6e, 0x73, 0x22, 0x3a, 0x20, 0x5b, 0x5d, 0x2c, 0x0a,
    0x20, 0x20, 0x20, 0x20, 0x20, 0x20, 0x22, 0x66, 0x61, 0x63, 0x69, 0x6c, 0x69, 0x74, 0x69, 0x65,
    0x73, 0x22, 0x3a, 0x20, 0x5b, 0x5d, 0x2c, 0x0a, 0x20, 0x20, 0x20, 0x20, 0x20, 0x20, 0x22, 0x72,
    0x6f, 0x6c, 0x65, 0x73, 0x22, 0x3a, 0x20, 0x5b, 0x5d, 0x2c, 0x0a, 0x20, 0x20, 0x20, 0x20, 0x20,
    0x20, 0x22, 0x73, 0x6f, 0x75, 0x72, 0x63, 0x65, 0x22, 0x3a, 0x20, 0x7b, 0x0a, 0x20, 0x20, 0x20,
    0x20, 0x20, 0x20, 0x20, 0x20, 0x22, 0x70, 0x61, 0x63, 0x6b, 0x61, 0x67, 0x65, 0x22, 0x3a, 0x20,
    0x22, 0x74, 0x61, 0x67, 0x67, 0x65, 0x64, 0x5f, 0x75, 0x72, 0x6e, 0x5f, 0x66, 0x6f, 0x72, 0x6d,
    0x61, 0x6c, 0x22, 0x2c, 0x0a, 0x20, 0x20, 0x20, 0x20, 0x20, 0x20, 0x20, 0x20, 0x22, 0x66, 0x69,
    0x6c, 0x65, 0x22, 0x3a, 0x20, 0x22, 0x54, 0x61, 0x67, 0x67, 0x65, 0x64, 0x55, 0x72, 0x6e, 0x2f,
    0x45, 0x78, 0x65, 0x63, 0x2e, 0x6c, 0x65, 0x61, 0x6e, 0x22, 0x2c, 0x0a, 0x20, 0x20, 0x20, 0x20,
    0x20, 0x20, 0x20, 0x20, 0x22, 0x73, 0x74, 0x61, 0x72, 0x74, 0x22, 0x3a, 0x20, 0x7b, 0x0a, 0x20,
    0x20, 0x20, 0x20, 0x20, 0x20, 0x20, 0x20, 0x20, 0x20, 0x22, 0x6c, 0x69, 0x6e, 0x65, 0x22, 0x3a,
    0x20, 0x31, 0x31, 0x37, 0x2c, 0x0a, 0x20, 0x20, 0x20, 0x20, 0x20, 0x20, 0x20, 0x20, 0x20, 0x20,
    0x22, 0x63, 0x6f, 0x6c, 0x75, 0x6d, 0x6e, 0x22, 0x3a, 0x20, 0x31, 0x0a, 0x20, 0x20, 0x20, 0x20,
    0x20, 0x20, 0x20, 0x20, 0x7d, 0x2c, 0x0a, 0x20, 0x20, 0x20, 0x20, 0x20, 0x20, 0x20, 0x20, 0x22,
    0x65, 0x6e, 0x64, 0x22, 0x3a, 0x20, 0x7b, 0x0a, 0x20, 0x20, 0x20, 0x20, 0x20, 0x20, 0x20, 0x20,
    0x20, 0x20, 0x22, 0x6c, 0x69, 0x6e, 0x65, 0x22, 0x3a, 0x20, 0x31, 0x31, 0x38, 0x2c, 0x0a, 0x20,
    0x20, 0x20, 0x20, 0x20, 0x20, 0x20, 0x20, 0x20, 0x20, 0x22, 0x63, 0x6f, 0x6c, 0x75, 0x6d, 0x6e,
    0x22, 0x3a, 0x20, 0x38, 0x32, 0x0a, 0x20, 0x20, 0x20, 0x20, 0x20, 0x20, 0x20, 0x20, 0x7d, 0x0a,
    0x20, 0x20, 0x20, 0x20, 0x20, 0x20, 0x7d, 0x0a, 0x20, 0x20, 0x20, 0x20, 0x7d, 0x2c, 0x0a, 0x20,
    0x20, 0x20, 0x20, 0x7b, 0x0a, 0x20, 0x20, 0x20, 0x20, 0x20, 0x20, 0x22, 0x6e, 0x61, 0x6d, 0x65,
    0x22, 0x3a, 0x20, 0x22, 0x54, 0x61, 0x67, 0x67, 0x65, 0x64, 0x55, 0x72, 0x6e, 0x2e, 0x45, 0x78,
    0x65, 0x63, 0x2e, 0x76, 0x61, 0x6c, 0x75, 0x65, 0x73, 0x4d, 0x65, 0x65, 0x74, 0x22, 0x2c, 0x0a,
    0x20, 0x20, 0x20, 0x20, 0x20, 0x20, 0x22, 0x6d, 0x6f, 0x64, 0x75, 0x6c, 0x65, 0x22, 0x3a, 0x20,
    0x22, 0x54, 0x61, 0x67, 0x67, 0x65, 0x64, 0x55, 0x72, 0x6e, 0x2e, 0x45, 0x78, 0x65, 0x63, 0x22,
    0x2c, 0x0a, 0x20, 0x20, 0x20, 0x20, 0x20, 0x20, 0x22, 0x61, 0x73, 0x79, 0x6e, 0x63, 0x22, 0x3a,
    0x20, 0x66, 0x61, 0x6c, 0x73, 0x65, 0x2c, 0x0a, 0x20, 0x20, 0x20, 0x20, 0x20, 0x20, 0x22, 0x74,
    0x72, 0x75, 0x73, 0x74, 0x22, 0x3a, 0x20, 0x7b, 0x0a, 0x20, 0x20, 0x20, 0x20, 0x20, 0x20, 0x20,
    0x20, 0x22, 0x61, 0x78, 0x69, 0x6f, 0x6d, 0x73, 0x22, 0x3a, 0x20, 0x5b, 0x0a, 0x20, 0x20, 0x20,
    0x20, 0x20, 0x20, 0x20, 0x20, 0x20, 0x20, 0x22, 0x70, 0x72, 0x6f, 0x70, 0x65, 0x78, 0x74, 0x22,
    0x0a, 0x20, 0x20, 0x20, 0x20, 0x20, 0x20, 0x20, 0x20, 0x5d, 0x2c, 0x0a, 0x20, 0x20, 0x20, 0x20,
    0x20, 0x20, 0x20, 0x20, 0x22, 0x64, 0x65, 0x70, 0x65, 0x6e, 0x64, 0x73, 0x5f, 0x6f, 0x6e, 0x5f,
    0x73, 0x6f, 0x72, 0x72, 0x79, 0x22, 0x3a, 0x20, 0x66, 0x61, 0x6c, 0x73, 0x65, 0x2c, 0x0a, 0x20,
    0x20, 0x20, 0x20, 0x20, 0x20, 0x20, 0x20, 0x22, 0x75, 0x6e, 0x73, 0x61, 0x66, 0x65, 0x5f, 0x64,
    0x65, 0x70, 0x65, 0x6e, 0x64, 0x65, 0x6e, 0x63, 0x69, 0x65, 0x73, 0x22, 0x3a, 0x20, 0x5b, 0x5d,
    0x2c, 0x0a, 0x20, 0x20, 0x20, 0x20, 0x20, 0x20, 0x20, 0x20, 0x22, 0x70, 0x61, 0x72, 0x74, 0x69,
    0x61, 0x6c, 0x5f, 0x64, 0x65, 0x70, 0x65, 0x6e, 0x64, 0x65, 0x6e, 0x63, 0x69, 0x65, 0x73, 0x22,
    0x3a, 0x20, 0x5b, 0x5d, 0x2c, 0x0a, 0x20, 0x20, 0x20, 0x20, 0x20, 0x20, 0x20, 0x20, 0x22, 0x65,
    0x78, 0x74, 0x65, 0x72, 0x6e, 0x5f, 0x64, 0x65, 0x70, 0x65, 0x6e, 0x64, 0x65, 0x6e, 0x63, 0x69,
    0x65, 0x73, 0x22, 0x3a, 0x20, 0x5b, 0x0a, 0x20, 0x20, 0x20, 0x20, 0x20, 0x20, 0x20, 0x20, 0x20,
    0x20, 0x22, 0x6c, 0x65, 0x61, 0x6e, 0x5f, 0x73, 0x74, 0x72, 0x69, 0x6e, 0x67, 0x5f, 0x64, 0x65,
    0x63, 0x5f, 0x65, 0x71, 0x22, 0x0a, 0x20, 0x20, 0x20, 0x20, 0x20, 0x20, 0x20, 0x20, 0x5d, 0x0a,
    0x20, 0x20, 0x20, 0x20, 0x20, 0x20, 0x7d, 0x2c, 0x0a, 0x20, 0x20, 0x20, 0x20, 0x20, 0x20, 0x22,
    0x63, 0x6c, 0x61, 0x69, 0x6d, 0x73, 0x22, 0x3a, 0x20, 0x5b, 0x0a, 0x20, 0x20, 0x20, 0x20, 0x20,
    0x20, 0x20, 0x20, 0x22, 0x54, 0x61, 0x67, 0x67, 0x65, 0x64, 0x55, 0x72, 0x6e, 0x2e, 0x45, 0x78,
    0x65, 0x63, 0x2e, 0x76, 0x61, 0x6c, 0x75, 0x65, 0x73, 0x4d, 0x65, 0x65, 0x74, 0x5f, 0x64, 0x65,
    0x63, 0x69, 0x64, 0x65, 0x73, 0x22, 0x0a, 0x20, 0x20, 0x20, 0x20, 0x20, 0x20, 0x5d, 0x2c, 0x0a,
    0x20, 0x20, 0x20, 0x20, 0x20, 0x20, 0x22, 0x61, 0x73, 0x73, 0x75, 0x6d, 0x70, 0x74, 0x69, 0x6f,
    0x6e, 0x73, 0x22, 0x3a, 0x20, 0x5b, 0x5d, 0x2c, 0x0a, 0x20, 0x20, 0x20, 0x20, 0x20, 0x20, 0x22,
    0x66, 0x61, 0x63, 0x69, 0x6c, 0x69, 0x74, 0x69, 0x65, 0x73, 0x22, 0x3a, 0x20, 0x5b, 0x5d, 0x2c,
    0x0a, 0x20, 0x20, 0x20, 0x20, 0x20, 0x20, 0x22, 0x72, 0x6f, 0x6c, 0x65, 0x73, 0x22, 0x3a, 0x20,
    0x5b, 0x5d, 0x2c, 0x0a, 0x20, 0x20, 0x20, 0x20, 0x20, 0x20, 0x22, 0x73, 0x6f, 0x75, 0x72, 0x63,
    0x65, 0x22, 0x3a, 0x20, 0x7b, 0x0a, 0x20, 0x20, 0x20, 0x20, 0x20, 0x20, 0x20, 0x20, 0x22, 0x70,
    0x61, 0x63, 0x6b, 0x61, 0x67, 0x65, 0x22, 0x3a, 0x20, 0x22, 0x74, 0x61, 0x67, 0x67, 0x65, 0x64,
    0x5f, 0x75, 0x72, 0x6e, 0x5f, 0x66, 0x6f, 0x72, 0x6d, 0x61, 0x6c, 0x22, 0x2c, 0x0a, 0x20, 0x20,
    0x20, 0x20, 0x20, 0x20, 0x20, 0x20, 0x22, 0x66, 0x69, 0x6c, 0x65, 0x22, 0x3a, 0x20, 0x22, 0x54,
    0x61, 0x67, 0x67, 0x65, 0x64, 0x55, 0x72, 0x6e, 0x2f, 0x45, 0x78, 0x65, 0x63, 0x2e, 0x6c, 0x65,
    0x61, 0x6e, 0x22, 0x2c, 0x0a, 0x20, 0x20, 0x20, 0x20, 0x20, 0x20, 0x20, 0x20, 0x22, 0x73, 0x74,
    0x61, 0x72, 0x74, 0x22, 0x3a, 0x20, 0x7b, 0x0a, 0x20, 0x20, 0x20, 0x20, 0x20, 0x20, 0x20, 0x20,
    0x20, 0x20, 0x22, 0x6c, 0x69, 0x6e, 0x65, 0x22, 0x3a, 0x20, 0x38, 0x39, 0x2c, 0x0a, 0x20, 0x20,
    0x20, 0x20, 0x20, 0x20, 0x20, 0x20, 0x20, 0x20, 0x22, 0x63, 0x6f, 0x6c, 0x75, 0x6d, 0x6e, 0x22,
    0x3a, 0x20, 0x31, 0x0a, 0x20, 0x20, 0x20, 0x20, 0x20, 0x20, 0x20, 0x20, 0x7d, 0x2c, 0x0a, 0x20,
    0x20, 0x20, 0x20, 0x20, 0x20, 0x20, 0x20, 0x22, 0x65, 0x6e, 0x64, 0x22, 0x3a, 0x20, 0x7b, 0x0a,
    0x20, 0x20, 0x20, 0x20, 0x20, 0x20, 0x20, 0x20, 0x20, 0x20, 0x22, 0x6c, 0x69, 0x6e, 0x65, 0x22,
    0x3a, 0x20, 0x39, 0x30, 0x2c, 0x0a, 0x20, 0x20, 0x20, 0x20, 0x20, 0x20, 0x20, 0x20, 0x20, 0x20,
    0x22, 0x63, 0x6f, 0x6c, 0x75, 0x6d, 0x6e, 0x22, 0x3a, 0x20, 0x35, 0x37, 0x0a, 0x20, 0x20, 0x20,
    0x20, 0x20, 0x20, 0x20, 0x20, 0x7d, 0x0a, 0x20, 0x20, 0x20, 0x20, 0x20, 0x20, 0x7d, 0x0a, 0x20,
    0x20, 0x20, 0x20, 0x7d, 0x0a, 0x20, 0x20, 0x5d, 0x0a, 0x7d, 0x0a, 0x00,
};

const char *tagged_urn_formal_assurance_json(void) {
    return (const char *)assurance_json;
}

void tagged_urn_formal_initialize(void) {
    tagged_urn_formal__initialize();
}

lungo_type *tagged_urn_formal_wf_type(void) {
    return lungo_type_inductive(tagged_urn_formal__types(), 0, NULL, 0);
}

lungo_type *tagged_urn_formal_constraint_type(void) {
    return lungo_type_inductive(tagged_urn_formal__types(), 1, NULL, 0);
}
lungo_value *tagged_urn_formal_constraint_missing(void) {
    return lungo_value_ctor(0, NULL, 0);
}
lungo_value *tagged_urn_formal_constraint_unconstrained(void) {
    return lungo_value_ctor(1, NULL, 0);
}
lungo_value *tagged_urn_formal_constraint_optional_not(lungo_value *value) {
    lungo_value *fields[1] = {value};
    return lungo_value_ctor(2, fields, 1);
}
const lungo_value *tagged_urn_formal_constraint_optional_not_value(const lungo_value *v) {
    return lungo_value_ctor_field(v, 2, 0);
}
lungo_value *tagged_urn_formal_constraint_present(void) {
    return lungo_value_ctor(3, NULL, 0);
}
lungo_value *tagged_urn_formal_constraint_present_not(lungo_value *value) {
    lungo_value *fields[1] = {value};
    return lungo_value_ctor(4, fields, 1);
}
const lungo_value *tagged_urn_formal_constraint_present_not_value(const lungo_value *v) {
    return lungo_value_ctor_field(v, 4, 0);
}
lungo_value *tagged_urn_formal_constraint_exact(lungo_value *value) {
    lungo_value *fields[1] = {value};
    return lungo_value_ctor(5, fields, 1);
}
const lungo_value *tagged_urn_formal_constraint_exact_value(const lungo_value *v) {
    return lungo_value_ctor_field(v, 5, 0);
}
lungo_value *tagged_urn_formal_constraint_absent(void) {
    return lungo_value_ctor(6, NULL, 0);
}

int32_t tagged_urn_formal_comparable(const lungo_value *a, const lungo_value *b, lungo_value **result, lungo_error **error) {
    const lungo_value *args[2] = {a, b};
    return lungo_invoke(tagged_urn_formal__types(), tagged_urn_formal__call_l_TaggedUrn_dExec_dcomparable, sig_0, sizeof sig_0, NULL, 0, args, 2, result, error);
}

int32_t tagged_urn_formal_equivalent(const lungo_value *a, const lungo_value *b, lungo_value **result, lungo_error **error) {
    const lungo_value *args[2] = {a, b};
    return lungo_invoke(tagged_urn_formal__types(), tagged_urn_formal__call_l_TaggedUrn_dExec_dequivalent, sig_1, sizeof sig_1, NULL, 0, args, 2, result, error);
}

int32_t tagged_urn_formal_make(const lungo_value *scheme, const lungo_value *tags, lungo_value **result, lungo_error **error) {
    const lungo_value *args[2] = {scheme, tags};
    return lungo_invoke(tagged_urn_formal__types(), tagged_urn_formal__call_l_TaggedUrn_dExec_dmake, sig_2, sizeof sig_2, NULL, 0, args, 2, result, error);
}

int32_t tagged_urn_formal_meets(const lungo_value *a, const lungo_value *b, lungo_value **result, lungo_error **error) {
    const lungo_value *args[2] = {a, b};
    return lungo_invoke(tagged_urn_formal__types(), tagged_urn_formal__call_l_TaggedUrn_dExec_dmeets, sig_3, sizeof sig_3, NULL, 0, args, 2, result, error);
}

int32_t tagged_urn_formal_meets_closed(const lungo_value *a, const lungo_value *b, lungo_value **result, lungo_error **error) {
    const lungo_value *args[2] = {a, b};
    return lungo_invoke(tagged_urn_formal__types(), tagged_urn_formal__call_l_TaggedUrn_dExec_dmeetsClosed, sig_4, sizeof sig_4, NULL, 0, args, 2, result, error);
}

int32_t tagged_urn_formal_refines(const lungo_value *a, const lungo_value *b, lungo_value **result, lungo_error **error) {
    const lungo_value *args[2] = {a, b};
    return lungo_invoke(tagged_urn_formal__types(), tagged_urn_formal__call_l_TaggedUrn_dExec_drefines, sig_5, sizeof sig_5, NULL, 0, args, 2, result, error);
}

int32_t tagged_urn_formal_refines_closed(const lungo_value *a, const lungo_value *b, lungo_value **result, lungo_error **error) {
    const lungo_value *args[2] = {a, b};
    return lungo_invoke(tagged_urn_formal__types(), tagged_urn_formal__call_l_TaggedUrn_dExec_drefinesClosed, sig_6, sizeof sig_6, NULL, 0, args, 2, result, error);
}

int32_t tagged_urn_formal_specificity(const lungo_value *a, lungo_value **result, lungo_error **error) {
    const lungo_value *args[1] = {a};
    return lungo_invoke(tagged_urn_formal__types(), tagged_urn_formal__call_l_TaggedUrn_dExec_dspecificity, sig_7, sizeof sig_7, NULL, 0, args, 1, result, error);
}

int32_t tagged_urn_formal_values_match(const lungo_value *inst, const lungo_value *patt, lungo_value **result, lungo_error **error) {
    const lungo_value *args[2] = {inst, patt};
    return lungo_invoke(tagged_urn_formal__types(), tagged_urn_formal__call_l_TaggedUrn_dExec_dvaluesMatch, sig_8, sizeof sig_8, NULL, 0, args, 2, result, error);
}

int32_t tagged_urn_formal_values_match_closed(const lungo_value *inst, const lungo_value *patt, lungo_value **result, lungo_error **error) {
    const lungo_value *args[2] = {inst, patt};
    return lungo_invoke(tagged_urn_formal__types(), tagged_urn_formal__call_l_TaggedUrn_dExec_dvaluesMatchClosed, sig_9, sizeof sig_9, NULL, 0, args, 2, result, error);
}

int32_t tagged_urn_formal_values_meet(const lungo_value *a, const lungo_value *b, lungo_value **result, lungo_error **error) {
    const lungo_value *args[2] = {a, b};
    return lungo_invoke(tagged_urn_formal__types(), tagged_urn_formal__call_l_TaggedUrn_dExec_dvaluesMeet, sig_10, sizeof sig_10, NULL, 0, args, 2, result, error);
}

